Date,Close,supertrend,trend,signal,atr
2023-01-03 00:00:00-05:00,260.4321594238281,,1,1,
2023-01-04 00:00:00-05:00,261.6728820800781,,1,1,
2023-01-05 00:00:00-05:00,257.5765380859375,,1,1,
2023-01-06 00:00:00-05:00,264.68609619140625,,1,1,
2023-01-09 00:00:00-05:00,266.3994445800781,,1,1,
2023-01-10 00:00:00-05:00,268.6544189453125,,1,1,
2023-01-11 00:00:00-05:00,273.3021240234375,,1,1,
2023-01-12 00:00:00-05:00,274.7791748046875,,1,1,
2023-01-13 00:00:00-05:00,276.66986083984375,,1,1,
2023-01-17 00:00:00-05:00,277.2310791015625,,1,1,
2023-01-18 00:00:00-05:00,273.6271057128906,,1,1,
2023-01-19 00:00:00-05:00,270.9388732910156,,1,1,
2023-01-20 00:00:00-05:00,278.3536376953125,,1,1,
2023-01-23 00:00:00-05:00,284.53753662109375,264.485640883689,1,1,5.866671377618234
2023-01-24 00:00:00-05:00,283.95654296875,266.8273237846234,1,1,5.642451623368546
2023-01-25 00:00:00-05:00,283.3263244628906,266.8273237846234,1,1,5.745132883908354
2023-01-26 00:00:00-05:00,288.8504638671875,269.3399415107212,1,1,5.7420074860842645
2023-01-27 00:00:00-05:00,291.725830078125,273.21222788694433,1,1,5.780604138918763
2023-01-30 00:00:00-05:00,285.82745361328125,273.21222788694433,1,1,5.81574208497149
2023-01-31 00:00:00-05:00,290.1108703613281,273.21222788694433,1,1,5.718247015157147
2023-02-01 00:00:00-05:00,296.314453125,275.02828568629695,1,1,6.092633722389412
2023-02-02 00:00:00-05:00,306.94915771484375,285.79257303341484,1,1,6.5549240687422365
2023-02-03 00:00:00-05:00,301.49395751953125,285.79257303341484,1,1,6.638848280445231
2023-02-06 00:00:00-05:00,298.9436340332031,285.79257303341484,1,1,6.443169917623675
2023-02-07 00:00:00-05:00,305.1373596191406,285.79257303341484,1,1,6.59556399158692
2023-02-08 00:00:00-05:00,299.711669921875,285.79257303341484,1,1,6.5612350135723165
2023-02-09 00:00:00-05:00,297.0628662109375,285.79257303341484,1,1,6.7108217921915285
2023-02-10 00:00:00-05:00,295.1131591796875,285.79257303341484,1,1,6.543064682496588
2023-02-13 00:00:00-05:00,299.8396911621094,285.79257303341484,1,1,6.455513999315907
2023-02-14 00:00:00-05:00,302.0552673339844,285.79257303341484,1,1,6.473389587583379
2023-02-15 00:00:00-05:00,304.3693542480469,285.79257303341484,1,1,6.3676033914140096
2023-02-16 00:00:00-05:00,298.6580505371094,285.79257303341484,1,1,6.331274719526419
2023-02-17 00:00:00-05:00,296.55078125,285.79257303341484,1,1,6.244786089743203
2023-02-21 00:00:00-05:00,289.5299377441406,285.79257303341484,1,1,6.310064598476954
2023-02-22 00:00:00-05:00,289.74658203125,285.79257303341484,1,1,6.126619269352385
2023-02-23 00:00:00-05:00,292.2772521972656,285.79257303341484,1,1,6.081476202958215
2023-02-24 00:00:00-05:00,287.38330078125,285.79257303341484,1,1,6.123257960628291
2023-02-27 00:00:00-05:00,289.4412841796875,285.79257303341484,1,1,6.012235529057894
2023-02-28 00:00:00-05:00,289.067138671875,285.79257303341484,1,1,5.8050501793813005
2023-03-01 00:00:00-05:00,286.7432861328125,285.79257303341484,1,1,5.652753328848926
2023-03-02 00:00:00-05:00,289.1163635253906,285.79257303341484,1,1,5.675217442965549
2023-03-03 00:00:00-05:00,295.0934753417969,285.79257303341484,1,1,5.713663276953173
2023-03-06 00:00:00-05:00,295.42822265625,285.79257303341484,1,1,5.609390525572428
2023-03-07 00:00:00-05:00,291.8045654296875,285.79257303341484,1,1,5.580794481284068
2023-03-08 00:00:00-05:00,293.26190185546875,285.79257303341484,1,1,5.431855988644878
2023-03-09 00:00:00-05:00,288.180908203125,285.79257303341484,1,1,5.687436657361606
2023-03-10 00:00:00-05:00,284.1337585449219,303.727631393889,-1,-1,5.771428755834319
2023-03-13 00:00:00-04:00,286.24102783203125,303.42987728970456,-1,-1,6.011895954942589
2023-03-14 00:00:00-04:00,292.81878662109375,303.42987728970456,-1,-1,6.091702362374634
2023-03-15 00:00:00-04:00,294.3548583984375,303.42987728970456,-1,-1,6.080702867301041
2023-03-16 00:00:00-04:00,302.1143493652344,303.42987728970456,-1,-1,6.349016662512357
2023-03-17 00:00:00-04:00,300.6865234375,303.42987728970456,-1,-1,6.302053849001164
2023-03-20 00:00:00-04:00,301.7536315917969,303.42987728970456,-1,-1,6.154111480201349
2023-03-21 00:00:00-04:00,306.06341552734375,286.1830551728247,1,1,6.054777557800079
2023-03-22 00:00:00-04:00,301.90155029296875,287.487552492419,1,1,6.277424202251721
2023-03-23 00:00:00-04:00,305.4815673828125,287.487552492419,1,1,6.394706614082572
2023-03-24 00:00:00-04:00,306.6058349609375,287.487552492419,1,1,6.222535115362675
2023-03-27 00:00:00-04:00,304.5051574707031,287.66829306360256,1,1,6.116905008638212
2023-03-28 00:00:00-04:00,302.8876953125,287.66829306360256,1,1,5.9610606331858635
2023-03-29 00:00:00-04:00,308.41058349609375,289.482206850095,1,1,5.974142825452497
2023-03-30 00:00:00-04:00,311.329833984375,292.8271438519472,1,1,5.801021591895551
2023-03-31 00:00:00-04:00,316.5074462890625,296.6604204880512,1,1,5.779037931628422
2023-04-03 00:00:00-04:00,315.7381591796875,297.6845984591339,1,1,5.613510009111756
2023-04-04 00:00:00-04:00,314.6731262207031,298.88331627829984,1,1,5.480234502039815
2023-04-05 00:00:00-04:00,311.5664978027344,298.88331627829984,1,1,5.441013511193862
2023-04-06 00:00:00-04:00,313.6671142578125,298.88331627829984,1,1,5.4560138840313295
2023-04-10 00:00:00-04:00,313.4896240234375,298.88331627829984,1,1,5.4044286092803455
2023-04-11 00:00:00-04:00,311.4776916503906,298.88331627829984,1,1,5.200145363334394
2023-04-12 00:00:00-04:00,308.7261657714844,298.88331627829984,1,1,5.240805708028126
2023-04-13 00:00:00-04:00,314.7716979980469,298.88331627829984,1,1,5.33209803851898
2023-04-14 00:00:00-04:00,314.17999267578125,298.88331627829984,1,1,5.285844122305982
2023-04-17 00:00:00-04:00,314.4462585449219,298.88331627829984,1,1,5.130887941865123
2023-04-18 00:00:00-04:00,314.46600341796875,300.0347733692075,1,1,5.030675182686271
2023-04-19 00:00:00-04:00,314.31805419921875,300.0347733692075,1,1,4.9186012825121335
2023-04-20 00:00:00-04:00,311.9215393066406,300.0347733692075,1,1,4.87018207054044
2023-04-21 00:00:00-04:00,312.2469482421875,300.0347733692075,1,1,4.754777092787427
2023-04-24 00:00:00-04:00,311.5960693359375,300.0347733692075,1,1,4.696927163260219
2023-04-25 00:00:00-04:00,305.7181701660156,300.0347733692075,1,1,4.78832501169358
2023-04-26 00:00:00-04:00,307.57232666015625,300.0347733692075,1,1,4.795005948986164
2023-04-27 00:00:00-04:00,315.93548583984375,300.0347733692075,1,1,5.08579914970086
2023-04-28 00:00:00-04:00,318.1150207519531,301.43679852156555,1,1,4.982467286388577
2023-05-01 00:00:00-04:00,317.7500915527344,303.50122974025516,1,1,4.8055057788877615
2023-05-02 00:00:00-04:00,314.97882080078125,303.50122974025516,1,1,4.803207462643613
2023-05-03 00:00:00-04:00,312.9176025390625,303.50122974025516,1,1,4.832771910419223
2023-05-04 00:00:00-04:00,311.8130798339844,303.50122974025516,1,1,4.7066566854243215
2023-05-05 00:00:00-04:00,318.4404602050781,303.50122974025516,1,1,4.905137393978474
2023-05-08 00:00:00-04:00,319.2294006347656,303.99418766675353,1,1,4.746378888222281
2023-05-09 00:00:00-04:00,317.2077331542969,303.99418766675353,1,1,4.574299326355273
2023-05-10 00:00:00-04:00,320.6593933105469,305.6681146806413,1,1,4.558223032211364
2023-05-11 00:00:00-04:00,321.70489501953125,307.696709138447,1,1,4.4179044415037705
2023-05-12 00:00:00-04:00,320.55096435546875,307.696709138447,1,1,4.400319828516872
2023-05-15 00:00:00-04:00,322.2867431640625,308.10274838606796,1,1,4.302275675954887
2023-05-16 00:00:00-04:00,322.6516418457031,310.3539454288269,1,1,4.197850096381796
2023-05-17 00:00:00-04:00,326.5570373535156,312.15515748519863,1,1,4.22697714617959
2023-05-18 00:00:00-04:00,332.6222229003906,316.7641432481318,1,1,4.37377556642732
2023-05-19 00:00:00-04:00,331.8727111816406,319.4068279244479,1,1,4.257197941761981
2023-05-22 00:00:00-04:00,332.9871826171875,320.43183872759687,1,1,4.124293544155301
2023-05-23 00:00:00-04:00,328.7661437988281,320.43183872759687,1,1,4.156562820970263
2023-05-24 00:00:00-04:00,327.0797119140625,320.43183872759687,1,1,4.127353130825096
2023-05-25 00:00:00-04:00,335.0385437011719,320.6949690040601,1,1,4.491903876778184
2023-05-26 00:00:00-04:00,343.5989074707031,325.67423011335507,1,1,4.842386204206242
2023-05-30 00:00:00-04:00,345.1571350097656,331.7317235433102,1,1,4.88605695903466
2023-05-31 00:00:00-04:00,343.1945495605469,331.7317235433102,1,1,4.825169644765192
2023-06-01 00:00:00-04:00,347.1591491699219,331.7317235433102,1,1,4.952489873407834
2023-06-02 00:00:00-04:00,349.76275634765625,334.43931156882087,1,1,4.8678362410204805
2023-06-05 00:00:00-04:00,350.0093688964844,336.4419338318433,1,1,4.777254789548665
2023-06-06 00:00:00-04:00,349.9501953125,336.4419338318433,1,1,4.6396072606001955
2023-06-07 00:00:00-04:00,344.0130920410156,336.4419338318433,1,1,4.937978506822892
2023-06-08 00:00:00-04:00,348.283447265625,336.4419338318433,1,1,4.92340001651747
2023-06-09 00:00:00-04:00,349.6148681640625,336.4419338318433,1,1,4.897885859928314
2023-06-12 00:00:00-04:00,355.5223083496094,338.0319570113238,1,1,4.977041739143575
2023-06-13 00:00:00-04:00,358.2541198730469,342.3536500727839,1,1,4.9089503636402005
2023-06-14 00:00:00-04:00,360.8577880859375,343.4042406986833,1,1,4.964773689574249
2023-06-15 00:00:00-04:00,365.15765380859375,347.3287920661247,1,1,5.158906175309738
2023-06-16 00:00:00-04:00,362.8597717285156,349.5578936075707,1,1,5.168698195552953
2023-06-20 00:00:00-04:00,362.34027099609375,349.5578936075707,1,1,5.11200104284638
2023-06-21 00:00:00-04:00,357.4024963378906,349.5578936075707,1,1,5.1658649153024525
2023-06-22 00:00:00-04:00,361.6194152832031,349.5578936075707,1,1,5.227878362054549
2023-06-23 00:00:00-04:00,358.0345153808594,349.5578936075707,1,1,5.231853170393088
2023-06-26 00:00:00-04:00,353.2348937988281,349.5578936075707,1,1,5.369570801175585
2023-06-27 00:00:00-04:00,359.3084716796875,349.5578936075707,1,1,5.472058743152055
2023-06-28 00:00:00-04:00,360.0096435546875,349.5578936075707,1,1,5.407095945055731
2023-06-29 00:00:00-04:00,359.2886657714844,349.5578936075707,1,1,5.214862216643976
2023-06-30 00:00:00-04:00,364.8290100097656,349.5578936075707,1,1,5.313588044262664
2023-07-03 00:00:00-04:00,365.68817138671875,350.1354686383543,1,1,5.0723055663768495
2023-07-05 00:00:00-04:00,365.6783447265625,350.8937377062737,1,1,4.946310447948708
2023-07-06 00:00:00-04:00,362.89337158203125,350.8937377062737,1,1,4.99931960302048
2023-07-07 00:00:00-04:00,361.6885070800781,350.8937377062737,1,1,4.9575431917409665
2023-07-10 00:00:00-04:00,361.8069763183594,350.8937377062737,1,1,4.8602006444347
2023-07-11 00:00:00-04:00,363.5945129394531,350.8937377062737,1,1,4.795913072151938
2023-07-12 00:00:00-04:00,368.186767578125,352.98488121991073,1,1,4.878006714950762
2023-07-13 00:00:00-04:00,374.43804931640625,357.9247000965763,1,1,5.035351870534049
2023-07-14 00:00:00-04:00,374.3591003417969,360.77361814165243,1,1,5.005814728938833
2023-07-17 00:00:00-04:00,377.8550109863281,361.7827591130609,1,1,4.960746850402214
2023-07-18 00:00:00-04:00,380.9461364746094,363.470084914184,1,1,5.109364607707651
2023-07-19 00:00:00-04:00,380.8573303222656,366.32923992683004,1,1,5.004002115841665
2023-07-20 00:00:00-04:00,372.0777893066406,366.32923992683004,1,1,5.347046590176747
2023-07-21 00:00:00-04:00,370.96185302734375,366.32923992683004,1,1,5.298773880110831
2023-07-24 00:00:00-04:00,371.55438232421875,366.32923992683004,1,1,5.148841816935643
2023-07-25 00:00:00-04:00,374.0726623535156,366.32923992683004,1,1,5.0801588122431935
2023-07-26 00:00:00-04:00,372.82830810546875,366.32923992683004,1,1,5.003686139070712
2023-07-27 00:00:00-04:00,371.93951416015625,366.32923992683004,1,1,5.3093638844673645
2023-07-28 00:00:00-04:00,378.7142639160156,366.32923992683004,1,1,5.487395272916039
2023-07-31 00:00:00-04:00,378.9117736816406,366.32923992683004,1,1,5.274612921362443
2023-08-01 00:00:00-04:00,378.0328369140625,366.32923992683004,1,1,5.108772339659752
2023-08-02 00:00:00-04:00,369.7373046875,366.32923992683004,1,1,5.425280265018683
2023-08-03 00:00:00-04:00,369.14471435546875,366.32923992683004,1,1,5.3326227992484565
2023-08-04 00:00:00-04:00,367.4164123535156,366.32923992683004,1,1,5.415175266442051
2023-08-07 00:00:00-04:00,370.52728271484375,366.32923992683004,1,1,5.295021488932768
2023-08-08 00:00:00-04:00,367.3769226074219,366.32923992683004,1,1,5.366150883944404
2023-08-09 00:00:00-04:00,363.3377685546875,381.27163116915983,-1,-1,5.357426326512691
2023-08-10 00:00:00-04:00,364.0093078613281,381.27163116915983,-1,-1,5.491110665621638
2023-08-11 00:00:00-04:00,361.6885070800781,377.9142054470768,-1,-1,5.37399747164412
2023-08-14 00:00:00-04:00,365.7474670410156,377.9142054470768,-1,-1,5.3971606702018615
2023-08-15 00:00:00-04:00,361.8663024902344,377.9142054470768,-1,-1,5.336844672847686
2023-08-16 00:00:00-04:00,358.0345153808594,376.3226599538111,-1,-1,5.3076398216620655
2023-08-17 00:00:00-04:00,354.12371826171875,372.83278319701304,-1,-1,5.362348733045172
2023-08-18 00:00:00-04:00,353.6793518066406,368.55524264031294,-1,-1,5.310866888151773
2023-08-21 00:00:00-04:00,359.3775939941406,368.55524264031294,-1,-1,5.387209936248697
2023-08-22 00:00:00-04:00,358.86407470703125,368.55524264031294,-1,-1,5.276108216047362
2023-08-23 00:00:00-04:00,364.52288818359375,368.55524264031294,-1,-1,5.381745820268216
2023-08-24 00:00:00-04:00,356.73089599609375,368.55524264031294,-1,-1,5.824778598728452
2023-08-25 00:00:00-04:00,359.4961242675781,368.55524264031294,-1,-1,5.9137960268221645
2023-08-28 00:00:00-04:00,362.20208740234375,368.55524264031294,-1,-1,5.751677660249514
2023-08-29 00:00:00-04:00,370.1125183105469,349.6197542344464,1,1,5.968657029273511
2023-08-30 00:00:00-04:00,372.176513671875,353.59979804957686,1,1,5.795568054007873
2023-08-31 00:00:00-04:00,373.2925109863281,356.84367987386196,1,1,5.583349517984762
2023-09-01 00:00:00-04:00,372.8974914550781,357.1929077878216,1,1,5.51960807452466
2023-09-05 00:00:00-04:00,373.3714904785156,357.1929077878216,1,1,5.370833402967202
2023-09-06 00:00:00-04:00,370.0829162597656,357.1929077878216,1,1,5.366002478372958
2023-09-07 00:00:00-04:00,367.4361572265625,357.1929077878216,1,1,5.377045024108098
2023-09-08 00:00:00-04:00,367.9497375488281,357.1929077878216,1,1,5.222228274311178
2023-09-11 00:00:00-04:00,372.28515625,357.1929077878216,1,1,5.195565217718937
2023-09-12 00:00:00-04:00,368.1571350097656,357.1929077878216,1,1,5.139769536736734
2023-09-13 00:00:00-04:00,369.5594787597656,357.1929077878216,1,1,5.051984460577595
2023-09-14 00:00:00-04:00,372.5814514160156,357.1929077878216,1,1,5.000095717813543
2023-09-15 00:00:00-04:00,366.20172119140625,357.1929077878216,1,1,5.165655742609297
2023-09-18 00:00:00-04:00,366.58349609375,357.1929077878216,1,1,4.991655708227356
2023-09-19 00:00:00-04:00,365.80218505859375,357.1929077878216,1,1,4.909204071958583
2023-09-20 00:00:00-04:00,360.5307922363281,357.1929077878216,1,1,5.042451612311468
2023-09-21 00:00:00-04:00,353.92425537109375,371.1881829965895,-1,-1,5.16618009072211
2023-09-22 00:00:00-04:00,353.97369384765625,371.02277179181885,-1,-1,5.094573640358061
2023-09-25 00:00:00-04:00,355.6549987792969,368.8707601188858,-1,-1,4.997001015965965
2023-09-26 00:00:00-04:00,350.3144226074219,366.7431738110532,-1,-1,5.092185105112619
2023-09-27 00:00:00-04:00,351.13531494140625,365.65129217939017,-1,-1,5.1254731096892625
2023-09-28 00:00:00-04:00,354.0726318359375,365.65129217939017,-1,-1,5.248925538357513
2023-09-29 00:00:00-04:00,354.3297119140625,365.65129217939017,-1,-1,5.2929168859748446
2023-10-02 00:00:00-04:00,357.286865234375,365.65129217939017,-1,-1,5.251110601604096
2023-10-03 00:00:00-04:00,351.0166015625,365.65129217939017,-1,-1,5.439762803776076
2023-10-04 00:00:00-04:00,355.7934875488281,365.65129217939017,-1,-1,5.453166407944929
2023-10-05 00:00:00-04:00,354.7451477050781,365.65129217939017,-1,-1,5.417574503551788
2023-10-06 00:00:00-04:00,360.6891174316406,365.65129217939017,-1,-1,5.811916468226279
2023-10-09 00:00:00-04:00,362.5285949707031,365.65129217939017,-1,-1,5.843948848993791
2023-10-10 00:00:00-04:00,364.5362548828125,365.65129217939017,-1,-1,5.7719670908963225
2023-10-11 00:00:00-04:00,367.1372985839844,348.9714548768748,1,1,5.587154257966316
2023-10-12 00:00:00-04:00,365.86151123046875,349.6572746866682,1,1,5.6288834514745
2023-10-13 00:00:00-04:00,361.26263427734375,349.6572746866682,1,1,5.742515519789912
2023-10-16 00:00:00-04:00,365.34722900390625,349.6572746866682,1,1,5.699681132681449
2023-10-17 00:00:00-04:00,364.1505432128906,349.6572746866682,1,1,5.73478691526105
2023-10-18 00:00:00-04:00,359.3736572265625,349.6572746866682,1,1,5.761733902918564
2023-10-19 00:00:00-04:00,356.0110778808594,349.6572746866682,1,1,5.834791462862283
2023-10-20 00:00:00-04:00,350.70013427734375,349.6572746866682,1,1,5.8185674244091805
2023-10-23 00:00:00-04:00,351.75836181640625,349.6572746866682,1,1,5.977990532096574
2023-10-24 00:00:00-04:00,355.1802673339844,349.6572746866682,1,1,5.850514480829849
2023-10-25 00:00:00-04:00,346.4869689941406,367.71500483236576,-1,-1,6.095249583492804
2023-10-26 00:00:00-04:00,339.88043212890625,361.07532704032553,-1,-1,6.224312261472157
2023-10-27 00:00:00-04:00,341.5122985839844,361.07532704032553,-1,-1,6.145650136804422
2023-10-30 00:00:00-04:00,345.3594970703125,361.07532704032553,-1,-1,6.076136376537316
2023-10-31 00:00:00-04:00,347.0111083984375,361.07532704032553,-1,-1,5.969204052843582
2023-11-01 00:00:00-04:00,353.0341491699219,361.07532704032553,-1,-1,6.013316560573401
2023-11-02 00:00:00-04:00,359.4429016113281,361.07532704032553,-1,-1,6.058515611340782
2023-11-03 00:00:00-04:00,363.6659240722656,344.676406408312,1,1,6.0199511170798425
2023-11-06 00:00:00-05:00,365.1494445800781,346.91586838830534,1,1,5.792699687445466
2023-11-07 00:00:00-05:00,368.60107421875,350.13443721024043,1,1,5.69894814236092
2023-11-08 00:00:00-05:00,368.8384704589844,351.5640941201551,1,1,5.515819714224975
2023-11-09 00:00:00-05:00,366.0,351.6178473264387,1,1,5.49129412486447
2023-11-10 00:00:00-05:00,374.22845458984375,353.6945121955251,1,1,5.697401604722695
2023-11-13 00:00:00-05:00,373.0614318847656,356.0774742880282,1,1,5.512969906601468
2023-11-14 00:00:00-05:00,381.0921630859375,363.2133573957234,1,1,5.758509633674921
2023-11-15 00:00:00-05:00,381.37896728515625,364.96440760417005,1,1,5.5951451504285314
2023-11-16 00:00:00-05:00,381.7052917480469,364.96440760417005,1,1,5.381283339781958
2023-11-17 00:00:00-05:00,381.7943115234375,365.8583900352076,1,1,5.193293397213942
2023-11-20 00:00:00-05:00,386.4425964355469,368.84962010848307,1,1,5.201695973947784
2023-11-21 00:00:00-05:00,384.1976623535156,368.84962010848307,1,1,5.11553604748802
2023-11-22 00:00:00-05:00,385.77008056640625,371.52887081884427,1,1,5.07509230156168
2023-11-24 00:00:00-05:00,385.2261962890625,371.52887081884427,1,1,4.836210964244588
2023-11-27 00:00:00-05:00,384.889892578125,371.52887081884427,1,1,4.693512373706716
2023-11-28 00:00:00-05:00,385.8987121582031,371.52887081884427,1,1,4.551117665654851
2023-11-29 00:00:00-05:00,385.5228576660156,373.82103092208166,1,1,4.556648702661599
2023-11-30 00:00:00-05:00,384.5536193847656,373.82103092208166,1,1,4.5653137925531695
2023-12-01 00:00:00-05:00,385.6514587402344,373.82103092208166,1,1,4.554994259927918
2023-12-04 00:00:00-05:00,382.0711975097656,373.82103092208166,1,1,4.743924068602397
2023-12-05 00:00:00-05:00,383.03057861328125,373.82103092208166,1,1,4.708131411647975
2023-12-06 00:00:00-05:00,380.8152160644531,373.82103092208166,1,1,4.772380921991768
2023-12-07 00:00:00-05:00,386.1360168457031,373.82103092208166,1,1,4.870893626265244
2023-12-08 00:00:00-05:00,387.85693359375,373.82103092208166,1,1,4.815433556421305
2023-12-11 00:00:00-05:00,391.1700439453125,375.0132731667734,1,1,4.772413874064333
2023-12-12 00:00:00-05:00,394.28546142578125,378.0153883239713,1,1,4.740943870037903
2023-12-13 00:00:00-05:00,399.2996826171875,382.7704328199289,1,1,4.804261996490302
2023-12-14 00:00:00-05:00,398.9535217285156,384.23787298071113,1,1,4.882132091606808
2023-12-15 00:00:00-05:00,400.882080078125,386.3324209570056,1,1,4.755935003701561
2023-12-18 00:00:00-05:00,403.4070739746094,388.64618061703646,1,1,4.660995858854774
2023-12-19 00:00:00-05:00,405.46832275390625,391.1795654723664,1,1,4.483793385389501
2023-12-20 00:00:00-05:00,399.44317626953125,391.1795654723664,1,1,4.69935861046316
2023-12-21 00:00:00-05:00,404.0908203125,391.1795654723664,1,1,4.721856642815157
2023-12-22 00:00:00-05:00,404.6954040527344,391.1795654723664,1,1,4.631617015745205
2023-12-26 00:00:00-05:00,407.17279052734375,393.07489010774754,1,1,4.525876074230094
2023-12-27 00:00:00-05:00,408.0016784667969,394.47036360748416,1,1,4.3237052411304875
2023-12-28 00:00:00-05:00,407.8033752441406,395.9627508557484,1,1,4.155096165643824
2023-12-29 00:00:00-05:00,406.0385437011719,395.9627508557484,1,1,4.145840198711431
2024-01-02 00:00:00-05:00,399.1674499511719,395.9627508557484,1,1,4.50693173449156
2024-01-03 00:00:00-05:00,394.9436340332031,409.6027812951659,-1,-1,4.517868573137789
2024-01-04 00:00:00-05:00,392.9111022949219,407.77845467423344,-1,-1,4.4451629028293995
2024-01-05 00:00:00-05:00,393.3770751953125,407.35067329213484,-1,-1,4.426517364225251
2024-01-08 00:00:00-05:00,401.50738525390625,407.35067329213484,-1,-1,4.711610615175935
2024-01-09 00:00:00-05:00,402.3005676269531,407.35067329213484,-1,-1,4.7277580035186215
2024-01-10 00:00:00-05:00,405.0271911621094,407.35067329213484,-1,-1,4.698132063451943
2024-01-11 00:00:00-05:00,405.8699645996094,407.35067329213484,-1,-1,4.855469212828305
2024-01-12 00:00:00-05:00,406.07818603515625,407.35067329213484,-1,-1,4.728196545978796
2024-01-16 00:00:00-05:00,406.0385437011719,407.35067329213484,-1,-1,4.694292361858571
2024-01-17 00:00:00-05:00,403.7481384277344,407.35067329213484,-1,-1,4.82640808619629
2024-01-18 00:00:00-05:00,409.47906494140625,393.0744391545477,1,1,4.932800876722893
2024-01-19 00:00:00-05:00,417.59942626953125,398.91614938777036,1,1,5.171815439478785
2024-01-22 00:00:00-05:00,418.1447448730469,404.15537934942864,1,1,5.058066188938396
2024-01-23 00:00:00-05:00,419.8798522949219,404.15537934942864,1,1,4.918446858643011
2024-01-24 00:00:00-05:00,422.2098693847656,408.9001302485184,1,1,5.018262164933304
2024-01-25 00:00:00-05:00,422.7254333496094,408.9001302485184,1,1,5.0181706164174935
2024-01-26 00:00:00-05:00,420.2070617675781,408.9001302485184,1,1,4.886355883475377
2024-01-29 00:00:00-05:00,424.5101623535156,408.9001302485184,1,1,4.873025064194001
2024-01-30 00:00:00-05:00,421.68438720703125,408.9001302485184,1,1,4.79194734608629
2024-01-31 00:00:00-05:00,413.42523193359375,408.9001302485184,1,1,5.052352377448772
2024-02-01 00:00:00-05:00,418.29345703125,408.9001302485184,1,1,5.074611095109872
2024-02-02 00:00:00-05:00,425.3628845214844,408.9001302485184,1,1,5.304206843769668
2024-02-05 00:00:00-05:00,424.8076477050781,408.9001302485184,1,1,5.251820260094826
2024-02-06 00:00:00-05:00,423.9549255371094,408.9001302485184,1,1,5.23079692011736
2024-02-07 00:00:00-05:00,428.3175354003906,411.6114732243409,1,1,5.228273224569078
2024-02-08 00:00:00-05:00,429.1107177734375,413.7941201455711,1,1,5.006381667037884
2024-02-09 00:00:00-05:00,433.33447265625,416.771300298291,1,1,5.007138116341377
2024-02-12 00:00:00-05:00,431.6390075683594,418.27837188687624,1,1,4.967474636576706
2024-02-13 00:00:00-05:00,424.9067077636719,418.27837188687624,1,1,5.321578338836877
2024-02-14 00:00:00-05:00,429.5370788574219,418.27837188687624,1,1,5.302659049173459
2024-02-15 00:00:00-05:00,430.81610107421875,418.27837188687624,1,1,5.182397287664438
2024-02-16 00:00:00-05:00,426.90960693359375,418.27837188687624,1,1,5.1762465982915575
2024-02-20 00:00:00-05:00,423.6872253417969,418.27837188687624,1,1,5.3072228291636305
2024-02-21 00:00:00-05:00,421.99176025390625,418.27837188687624,1,1,5.331107675002652
2024-02-22 00:00:00-05:00,434.3457946777344,418.27837188687624,1,1,5.907106829666771
2024-02-23 00:00:00-05:00,433.0667724609375,418.27837188687624,1,1,5.825112152075007
2024-02-26 00:00:00-05:00,432.8387451171875,418.27837188687624,1,1,5.567673974225153
2024-02-27 00:00:00-05:00,433.8798522949219,418.27837188687624,1,1,5.3796135319245915
2024-02-28 00:00:00-05:00,431.5696716308594,418.27837188687624,1,1,5.229065116076334
2024-02-29 00:00:00-05:00,435.26788330078125,418.27837188687624,1,1,5.214625117764367
2024-03-01 00:00:00-05:00,441.8216857910156,423.305162890377,1,1,5.378977420961103
2024-03-04 00:00:00-05:00,440.2452392578125,425.65613359755434,1,1,5.155530562378008
2024-03-05 00:00:00-05:00,432.343017578125,425.65613359755434,1,1,5.521693566968847
2024-03-06 00:00:00-05:00,435.0596923828125,425.65613359755434,1,1,5.547962045484689
2024-03-07 00:00:00-05:00,441.6630859375,425.65613359755434,1,1,5.713292324221832
2024-03-08 00:00:00-05:00,435.2877502441406,425.65613359755434,1,1,6.034661073105532
2024-03-11 00:00:00-04:00,433.671630859375,425.65613359755434,1,1,5.857153421652616
2024-03-12 00:00:00-04:00,439.8882751464844,425.65613359755434,1,1,5.974194394415038
2024-03-13 00:00:00-04:00,436.50732421875,425.65613359755434,1,1,5.8689911773378025
2024-03-14 00:00:00-04:00,435.4067077636719,425.65613359755434,1,1,5.849208689280973
2024-03-15 00:00:00-04:00,430.23114013671875,425.65613359755434,1,1,5.884662291391821
2024-03-18 00:00:00-04:00,434.3343811035156,425.65613359755434,1,1,6.00987505155522
2024-03-19 00:00:00-04:00,435.4165344238281,425.65613359755434,1,1,5.981269601266471
2024-03-20 00:00:00-04:00,440.5791015625,425.65613359755434,1,1,5.983070766175812
2024-03-21 00:00:00-04:00,442.6640625,426.4351878315678,1,1,5.950709415613388
2024-03-22 00:00:00-04:00,443.17041015625,426.4351878315678,1,1,5.738403684267279
2024-03-25 00:00:00-04:00,441.5620422363281,426.4351878315678,1,1,5.600832465232094
2024-03-26 00:00:00-04:00,440.1324157714844,426.4351878315678,1,1,5.494362061711109
2024-03-27 00:00:00-04:00,441.6315612792969,426.4351878315678,1,1,5.42882683177687
2024-03-28 00:00:00-04:00,440.81744384765625,426.4351878315678,1,1,5.182175765392984
2024-04-01 00:00:00-04:00,441.75067138671875,426.6777735860775,1,1,5.131847587340219
2024-04-02 00:00:00-04:00,437.9382629394531,426.6777735860775,1,1,5.256019111619739
2024-04-03 00:00:00-04:00,438.92120361328125,426.6777735860775,1,1,5.238708975011033
2024-04-04 00:00:00-04:00,432.2097473144531,426.6777735860775,1,1,5.704150681208636
2024-04-05 00:00:00-04:00,437.3028564453125,426.6777735860775,1,1,5.851976149396419
2024-04-08 00:00:00-04:00,437.4319763183594,426.6777735860775,1,1,5.6679964254297515
2024-04-09 00:00:00-04:00,439.0502624511719,426.6777735860775,1,1,5.67444556473288
2024-04-10 00:00:00-04:00,435.2180480957031,426.6777735860775,1,1,5.6910696887817895
2024-04-11 00:00:00-04:00,442.1676330566406,426.6777735860775,1,1,5.878122710979218
2024-04-12 00:00:00-04:00,435.1186828613281,426.6777735860775,1,1,6.060323937381966
2024-04-15 00:00:00-04:00,427.9605407714844,426.6777735860775,1,1,6.474168661372989
2024-04-16 00:00:00-04:00,428.00030517578125,426.6777735860775,1,1,6.299642707761146
2024-04-17 00:00:00-04:00,422.778076171875,445.2230493872695,-1,-1,6.432589435142394
2024-04-18 00:00:00-04:00,420.3656005859375,441.5456135390824,-1,-1,6.356769093189394
2024-04-19 00:00:00-04:00,411.6685791015625,434.8130728692052,-1,-1,6.63597470390814
2024-04-22 00:00:00-04:00,415.8085632324219,434.58381410251,-1,-1,6.675400259898002
2024-04-23 00:00:00-04:00,422.0136413574219,434.58381410251,-1,-1,6.7276123428304375
2024-04-24 00:00:00-04:00,423.4433288574219,434.58381410251,-1,-1,6.639228399015143
2024-04-25 00:00:00-04:00,421.3980712890625,434.58381410251,-1,-1,6.7585609479416116
2024-04-26 00:00:00-04:00,427.9010009765625,434.58381410251,-1,-1,6.850218928528693
2024-04-29 00:00:00-04:00,429.6383972167969,434.58381410251,-1,-1,6.628976108638911
2024-04-30 00:00:00-04:00,421.5370788574219,434.58381410251,-1,-1,6.739815658482208
2024-05-01 00:00:00-04:00,418.4891357421875,434.58381410251,-1,-1,6.930675033318367
2024-05-02 00:00:00-04:00,423.8304748535156,434.58381410251,-1,-1,6.944795867405576
2024-05-03 00:00:00-04:00,432.3487854003906,434.58381410251,-1,-1,7.128104752692812
2024-05-06 00:00:00-04:00,437.0845031738281,414.38677594095356,1,1,6.963602057311492
2024-05-07 00:00:00-04:00,437.15399169921875,417.69863753546497,1,1,6.6356897546565285
2024-05-08 00:00:00-04:00,436.89581298828125,417.69863753546497,1,1,6.440409412076165
2024-05-09 00:00:00-04:00,437.8489074707031,418.2568729020196,1,1,6.2030542319735025
2024-05-10 00:00:00-04:00,438.8814697265625,421.1334957930022,1,1,6.030164834868211
2024-05-13 00:00:00-04:00,439.89410400390625,422.3682079696542,1,1,5.772471494295155
2024-05-14 00:00:00-04:00,442.7236328125,424.3356046073827,1,1,5.6445218652308675
2024-05-15 00:00:00-04:00,449.64349365234375,429.52912709885584,1,1,5.753346250388451
2024-05-16 00:00:00-04:00,448.7301330566406,433.3511051655405,1,1,5.546628428582887
2024-05-17 00:00:00-04:00,448.51171875,433.3511051655405,1,1,5.3759497956328905
2024-05-20 00:00:00-04:00,451.6390380859375,434.6343047487306,1,1,5.262845155189264
2024-05-21 00:00:00-04:00,452.5226745605469,435.8167102835074,1,1,5.1103094063217815
2024-05-22 00:00:00-04:00,452.4333190917969,436.6472567156624,1,1,5.01051080860015
2024-05-23 00:00:00-04:00,450.3980712890625,437.1195821580397,1,1,5.271703583608872
2024-05-24 00:00:00-04:00,454.6571960449219,437.22874099169684,1,1,5.2965323499916535
2024-05-28 00:00:00-04:00,456.374755859375,439.5167979945059,1,1,5.134498429799374
2024-05-29 00:00:00-04:00,453.1580505371094,439.5167979945059,1,1,5.075520115137316
2024-05-30 00:00:00-04:00,448.3031921386719,439.5167979945059,1,1,5.154784372187549
2024-05-31 00:00:00-04:00,447.4692687988281,439.5167979945059,1,1,5.45460556479941
2024-06-03 00:00:00-04:00,449.8718566894531,439.5167979945059,1,1,5.609617388528207
2024-06-04 00:00:00-04:00,451.1029357910156,439.5167979945059,1,1,5.524500786431614
2024-06-05 00:00:00-04:00,460.1971130371094,439.5167979945059,1,1,5.785149922884873
2024-06-06 00:00:00-04:00,460.0382385253906,443.4175580817397,1,1,5.538575565461495
2024-06-07 00:00:00-04:00,459.6311950683594,444.196635910934,1,1,5.419531023615841
2024-06-10 00:00:00-04:00,461.4877014160156,444.196635910934,1,1,5.291970735874068
2024-06-11 00:00:00-04:00,464.65484619140625,445.69917332708565,1,1,5.347264527766785
2024-06-12 00:00:00-04:00,470.74072265625,453.7875470017468,1,1,5.56667315909514
2024-06-13 00:00:00-04:00,473.29229736328125,456.5703611028419,1,1,5.469737964393864
2024-06-14 00:00:00-04:00,475.7445068359375,458.3004970933404,1,1,5.306681046525818
2024-06-17 00:00:00-04:00,481.572265625,462.3926484551011,1,1,5.546008929438038
2024-06-18 00:00:00-04:00,481.7212219238281,465.2050658214507,1,1,5.325025531158656
2024-06-20 00:00:00-04:00,478.0080871582031,465.2050658214507,1,1,5.456672796164208
2024-06-21 00:00:00-04:00,476.7273864746094,465.2050658214507,1,1,5.3413510928096715
2024-06-24 00:00:00-04:00,471.29998779296875,465.2050658214507,1,1,5.393804179503981
2024-06-25 00:00:00-04:00,476.6896057128906,465.2050658214507,1,1,5.414812602910092
2024-06-26 00:00:00-04:00,477.674072265625,465.2050658214507,1,1,5.226208168054136
2024-06-27 00:00:00-04:00,478.90704345703125,465.2050658214507,1,1,5.122814116809644
2024-06-28 00:00:00-04:00,476.42108154296875,465.2050658214507,1,1,5.377682339013009
2024-07-01 00:00:00-04:00,479.2153625488281,465.2050658214507,1,1,5.436063337786065
2024-07-02 00:00:00-04:00,484.2469482421875,465.2050658214507,1,1,5.5279210117599655
2024-07-03 00:00:00-04:00,488.2841491699219,469.4983363958018,1,1,5.4846574608150735
2024-07-05 00:00:00-04:00,493.37542724609375,474.8585802457086,1,1,5.487811293022323
2024-07-08 00:00:00-04:00,494.5487976074219,478.1135176297635,1,1,5.266290809196869
2024-07-09 00:00:00-04:00,494.97637939453125,479.8528451397815,1,1,5.157192012170718
2024-07-10 00:00:00-04:00,500.1372375488281,482.5518128501806,1,1,5.197229214730311
2024-07-11 00:00:00-04:00,489.16912841796875,482.5518128501806,1,1,5.717395224723509
2024-07-12 00:00:00-04:00,492.0429382324219,482.5518128501806,1,1,5.8552140462088476
2024-07-15 00:00:00-04:00,493.365478515625,482.5518128501806,1,1,5.928497086919687
2024-07-16 00:00:00-04:00,493.55438232421875,482.5518128501806,1,1,5.880770107576741
2024-07-17 00:00:00-04:00,479.0661315917969,502.02829289947476,-1,-1,6.500560443133213
2024-07-18 00:00:00-04:00,476.7989807128906,498.41077137262687,-1,-1,6.706736336386149
2024-07-19 00:00:00-04:00,472.57281494140625,495.4678206148549,-1,-1,6.778148377001805
2024-07-22 00:00:00-04:00,479.61309814453125,495.4678206148549,-1,-1,6.870030732441261
2024-07-23 00:00:00-04:00,477.9226379394531,495.4678206148549,-1,-1,6.684021510087708
2024-07-24 00:00:00-04:00,460.7793884277344,488.20020554600353,-1,-1,7.492902971955534
2024-07-25 00:00:00-04:00,455.69805908203125,482.68948569264063,-1,-1,7.832046378412786
2024-07-26 00:00:00-04:00,460.3716735839844,482.68948569264063,-1,-1,7.816685464952037
2024-07-29 00:00:00-04:00,461.29644775390625,482.68948569264063,-1,-1,7.705115583681232
2024-07-30 00:00:00-04:00,454.9621887207031,481.8799431053528,-1,-1,8.036204085326318
2024-07-31 00:00:00-04:00,468.4262390136719,481.8799431053528,-1,-1,8.546075108956423
2024-08-01 00:00:00-04:00,457.08026123046875,481.8799431053528,-1,-1,9.325651496970764
2024-08-02 00:00:00-04:00,446.2314758300781,475.7153003890713,-1,-1,9.73844521141505
2024-08-05 00:00:00-04:00,432.92657470703125,462.9601434727608,-1,-1,10.839840960184377
2024-08-06 00:00:00-04:00,437.0632629394531,462.9601434727608,-1,-1,10.954123815169725
2024-08-07 00:00:00-04:00,432.3299255371094,462.9601434727608,-1,-1,11.210821883820225
2024-08-08 00:00:00-04:00,445.5552978515625,462.9601434727608,-1,-1,11.420062605822585
2024-08-09 00:00:00-04:00,447.8821716308594,462.9601434727608,-1,-1,11.062473338354227
2024-08-12 00:00:00-04:00,448.84674072265625,462.9601434727608,-1,-1,10.685678378569428
2024-08-13 00:00:00-04:00,459.98388671875,462.9601434727608,-1,-1,10.737104931442776
2024-08-14 00:00:00-04:00,460.1330261230469,462.9601434727608,-1,-1,10.446764071647017
2024-08-15 00:00:00-04:00,471.7574462890625,437.27538654442145,1,1,10.55929300894883
2024-08-16 00:00:00-04:00,472.364013671875,440.9401749453952,1,1,10.143150324087564
2024-08-19 00:00:00-04:00,478.5689697265625,444.71323428103835,1,1,9.982599655807872
2024-08-20 00:00:00-04:00,477.564697265625,449.3028523797249,1,1,9.581369468475385
2024-08-21 00:00:00-04:00,479.7920837402344,451.37373619330384,1,1,9.255674930727325
2024-08-22 00:00:00-04:00,472.1850280761719,451.37373619330384,1,1,9.427710950352287
2024-08-23 00:00:00-04:00,477.30609130859375,451.37373619330384,1,1,9.3147084391003
2024-08-26 00:00:00-04:00,472.6722717285156,451.37373619330384,1,1,9.156510917418174
2024-08-27 00:00:00-04:00,474.0843200683594,451.37373619330384,1,1,8.937874555362429
2024-08-28 00:00:00-04:00,468.70465087890625,451.37373619330384,1,1,8.947935962613377
2024-08-29 00:00:00-04:00,468.0185546875,451.37373619330384,1,1,8.916794603999369
2024-08-30 00:00:00-04:00,473.59698486328125,451.37373619330384,1,1,8.733746501251662
2024-09-03 00:00:00-04:00,459.2181701660156,451.37373619330384,1,1,9.30743168331182
2024-09-04 00:00:00-04:00,458.02490234375,451.37373619330384,1,1,9.11992131555373
2024-09-05 00:00:00-04:00,458.4525451660156,451.37373619330384,1,1,8.995522667757328
2024-09-06 00:00:00-04:00,446.1718444824219,479.9885146372788,-1,-1,9.27847613730735
2024-09-09 00:00:00-04:00,451.909423828125,477.38939400287626,-1,-1,9.096582630478622
2024-09-10 00:00:00-04:00,456.0859069824219,477.38939400287626,-1,-1,8.939759134297393
2024-09-11 00:00:00-04:00,465.989990234375,477.38939400287626,-1,-1,9.586095699890201
2024-09-12 00:00:00-04:00,470.5641784667969,477.38939400287626,-1,-1,9.412063895924806
2024-09-13 00:00:00-04:00,472.6722717285156,477.38939400287626,-1,-1,9.043772073124659
2024-09-16 00:00:00-04:00,470.58404541015625,477.38939400287626,-1,-1,8.784888423451525
2024-09-17 00:00:00-04:00,470.8326721191406,477.38939400287626,-1,-1,8.628310393428306
2024-09-18 00:00:00-04:00,468.7941589355469,477.38939400287626,-1,-1,8.580224074336787
2024-09-19 00:00:00-04:00,480.6472473144531,453.5937082719663,1,1,9.017851405213234
2024-09-20 00:00:00-04:00,479.7324523925781,453.5937082719663,1,1,8.75655950521537
2024-09-23 00:00:00-04:00,481.0040283203125,455.8994803635204,1,1,8.31175543945677
2024-09-24 00:00:00-04:00,483.32421875,456.744552663444,1,1,8.15620216491564
2024-09-25 00:00:00-04:00,483.7723083496094,460.7157310404328,1,1,7.80335891778908
2024-09-26 00:00:00-04:00,487.40692138671875,464.26208449323326,1,1,7.807885166215944
2024-09-27 00:00:00-04:00,484.6983947753906,464.26208449323326,1,1,7.611508032783294
2024-09-30 00:00:00-04:00,486.0128479003906,464.26208449323326,1,1,7.45831821269791
2024-10-01 00:00:00-04:00,479.2414855957031,464.26208449323326,1,1,7.684513039732736
2024-10-02 00:00:00-04:00,479.9186706542969,464.26208449323326,1,1,7.573764982638422
2024-10-03 00:00:00-04:00,479.5601501464844,464.26208449323326,1,1,7.42825054182777
2024-10-04 00:00:00-04:00,485.2659912109375,464.26208449323326,1,1,7.345052522888649
2024-10-07 00:00:00-04:00,480.0679931640625,464.26208449323326,1,1,7.279179102349692
2024-10-08 00:00:00-04:00,487.23760986328125,464.26208449323326,1,1,7.320431367230428
2024-10-09 00:00:00-04:00,491.0714111328125,467.1451842616688,1,1,7.208660312824377
2024-10-10 00:00:00-04:00,490.5137939453125,468.790906141066,1,1,7.045126074578387
2024-10-11 00:00:00-04:00,491.280517578125,469.67891540341043,1,1,6.842060947590447
2024-10-14 00:00:00-04:00,495.403076171875,474.7227639178829,1,1,6.742409406762314
2024-10-15 00:00:00-04:00,488.7810974121094,474.7227639178829,1,1,6.959281340220798
2024-10-16 00:00:00-04:00,488.8408508300781,474.7227639178829,1,1,6.755234788299679
2024-10-17 00:00:00-04:00,489.1794128417969,474.7227639178829,1,1,6.669608448009301
2024-10-18 00:00:00-04:00,492.3858337402344,474.7227639178829,1,1,6.500478596628027
2024-10-21 00:00:00-04:00,493.33184814453125,474.7227639178829,1,1,6.386106973282825
2024-10-22 00:00:00-04:00,493.86956787109375,474.7227639178829,1,1,6.319735994330933
2024-10-23 00:00:00-04:00,486.30157470703125,474.7227639178829,1,1,6.64432908501237
2024-10-24 00:00:00-04:00,490.2449035644531,474.7227639178829,1,1,6.4997666788474096
2024-10-25 00:00:00-04:00,493.2322692871094,475.4536622191097,1,1,6.601672714085424
2024-10-28 00:00:00-04:00,493.3119201660156,475.5958422210325,1,1,6.373379515886587
2024-10-29 00:00:00-04:00,498.0518493652344,476.147858913046,1,1,6.451594393443395
2024-10-30 00:00:00-04:00,494.28778076171875,477.0964693654241,1,1,6.307994275999368
2024-10-31 00:00:00-04:00,481.8106384277344,477.0964693654241,1,1,6.755760893727672
2024-11-01 00:00:00-04:00,485.3755187988281,477.0964693654241,1,1,6.763984698534091
2024-11-04 00:00:00-05:00,483.9615173339844,477.0964693654241,1,1,6.645727386632157
2024-11-05 00:00:00-05:00,490.1353759765625,477.0964693654241,1,1,6.659678861249871
2024-11-06 00:00:00-05:00,503.4490051269531,479.30288258138216,1,1,7.193998069797093
2024-11-07 00:00:00-05:00,511.3753967285156,487.2722032259684,1,1,7.3025053957817
2024-11-08 00:00:00-05:00,511.97296142578125,490.62164123022353,1,1,6.959428603484264
2024-11-11 00:00:00-05:00,511.67425537109375,490.70538756216,1,1,6.793781012461341
2024-11-12 00:00:00-05:00,510.7481384277344,490.70538756216,1,1,6.652055864423523
2024-11-13 00:00:00-05:00,510.0909118652344,490.70538756216,1,1,6.534678116493846
2024-11-14 00:00:00-05:00,506.5459289550781,490.70538756216,1,1,6.424974701137216
2024-11-15 00:00:00-05:00,494.47698974609375,490.70538756216,1,1,6.976061446164927
2024-11-18 00:00:00-05:00,497.9124450683594,490.70538756216,1,1,6.873953144287679
2024-11-19 00:00:00-05:00,501.33795166015625,490.70538756216,1,1,6.871604282414627
2024-11-20 00:00:00-05:00,501.0491943359375,490.70538756216,1,1,6.872978701944686
2024-11-21 00:00:00-05:00,502.8515625,490.70538756216,1,1,7.050649773867403
2024-11-22 00:00:00-05:00,503.65814208984375,490.70538756216,1,1,6.813760078229196
2024-11-25 00:00:00-05:00,504.45477294921875,490.70538756216,1,1,6.838469882617837
2024-11-26 00:00:00-05:00,507.1632995605469,490.70538756216,1,1,6.6025109803066
2024-11-27 00:00:00-05:00,503.1701965332031,490.70538756216,1,1,6.655824048605951
2024-11-29 00:00:00-05:00,507.5914611816406,490.70538756216,1,1,6.538889599109886
2024-12-02 00:00:00-05:00,513.1181030273438,491.66917843808653,1,1,6.535582130332883
2024-12-03 00:00:00-05:00,514.69140625,494.0753502942908,1,1,6.337618878610156
2024-12-04 00:00:00-05:00,521.0545654296875,500.2879073586596,1,1,6.357937033863276
2024-12-05 00:00:00-05:00,519.610595703125,502.2562437730649,1,1,6.090152386784616
2024-12-06 00:00:00-05:00,524.2608642578125,504.3109348101041,1,1,6.004373446929616
2024-12-09 00:00:00-05:00,520.17822265625,504.3109348101041,1,1,5.949617225512682
2024-12-10 00:00:00-05:00,518.4056396484375,504.3109348101041,1,1,5.967059868003699
2024-12-11 00:00:00-05:00,527.6864013671875,506.617710099577,1,1,6.252831008894244
2024-12-12 00:00:00-05:00,524.2808837890625,507.01595787377244,1,1,6.08359129420936
2024-12-13 00:00:00-05:00,528.2938842773438,509.629688124226,1,1,6.123465265438522
2024-12-16 00:00:00-05:00,535.901611328125,514.9178952633325,1,1,6.299191868398274
2024-12-17 00:00:00-05:00,533.5416259765625,515.1368046893157,1,1,6.1366016916021415
2024-12-18 00:00:00-05:00,514.2930908203125,537.9697935510004,-1,-1,7.253831201185557
2024-12-19 00:00:00-05:00,512.0028076171875,537.5117820266056,-1,-1,7.299741011534734
2024-12-20 00:00:00-05:00,516.473876953125,537.5117820266056,-1,-1,7.882941046361527
2024-12-23 00:00:00-05:00,521.5057373046875,537.5117820266056,-1,-1,7.827117959082042
2024-12-24 00:00:00-05:00,528.5772094726562,537.5117820266056,-1,-1,7.779552622185813
2024-12-26 00:00:00-05:00,528.2181396484375,537.5117820266056,-1,-1,7.575093813788511
2024-12-27 00:00:00-05:00,521.196533203125,537.5117820266056,-1,-1,7.870398210889996
2024-12-30 00:00:00-05:00,514.2646484375,537.5117820266056,-1,-1,8.072656961418883
2024-12-31 00:00:00-05:00,509.8961181640625,536.6886604739112,-1,-1,8.02322828687598
