Date,close,volatility,supertrend,direction,cluster,assigned_centroid,trend_signal,signal_change
2023-01-03 00:00:00-05:00,260.43218994140625,,,,,,0,
2023-01-04 00:00:00-05:00,261.67291259765625,,,,,,0,0.0
2023-01-05 00:00:00-05:00,257.5765686035156,,,,,,0,0.0
2023-01-06 00:00:00-05:00,264.68603515625,,,,,,0,0.0
2023-01-09 00:00:00-05:00,266.3994140625,,,,,,0,0.0
2023-01-10 00:00:00-05:00,268.6544189453125,,,,,,0,0.0
2023-01-11 00:00:00-05:00,273.3021545410156,,,,,,0,0.0
2023-01-12 00:00:00-05:00,274.77923583984375,,,,,,0,0.0
2023-01-13 00:00:00-05:00,276.6697998046875,,,,,,0,0.0
2023-01-17 00:00:00-05:00,277.2310485839844,5.612765652737977,,,,,0,0.0
2023-01-18 00:00:00-05:00,273.6271057128906,5.7427440328343575,,,,,0,0.0
2023-01-19 00:00:00-05:00,270.93890380859375,5.561359383440541,,,,,0,0.0
2023-01-20 00:00:00-05:00,278.3536376953125,5.780176110656372,,,,,0,0.0
2023-01-23 00:00:00-05:00,284.53753662109375,5.943635300839282,,,,,0,0.0
2023-01-24 00:00:00-05:00,283.9565734863281,5.622031281881817,,,,,0,0.0
2023-01-25 00:00:00-05:00,283.3263854980469,5.767824167971648,,,,,0,0.0
2023-01-26 00:00:00-05:00,288.85052490234375,5.761179486356693,,,,,0,0.0
2023-01-27 00:00:00-05:00,291.725830078125,5.813297600297748,,,,,0,0.0
2023-01-30 00:00:00-05:00,285.8274230957031,5.859224426396609,,,,,0,0.0
2023-01-31 00:00:00-05:00,290.1109313964844,5.718383188152682,,,,,0,0.0
2023-02-01 00:00:00-05:00,296.3144836425781,6.242511073852411,,,,,0,0.0
2023-02-02 00:00:00-05:00,306.94915771484375,6.874726771842253,,,,,0,0.0
2023-02-03 00:00:00-05:00,301.49395751953125,6.9602403979164436,,,,,0,0.0
2023-02-06 00:00:00-05:00,298.9435729980469,6.654157554191745,,,,,0,0.0
2023-02-07 00:00:00-05:00,305.1373291015625,6.846410408305814,,,,,0,0.0
2023-02-08 00:00:00-05:00,299.711669921875,6.773262145655666,,,,,0,0.0
2023-02-09 00:00:00-05:00,297.0628356933594,6.961480833595886,,,,,0,0.0
2023-02-10 00:00:00-05:00,295.1131896972656,6.701548897314667,,,,,0,0.0
2023-02-13 00:00:00-05:00,299.8396911621094,6.5631264676220935,,,,,0,0.0
2023-02-14 00:00:00-05:00,302.0552978515625,6.577391112116425,,,,,0,0.0
2023-02-15 00:00:00-05:00,304.3692932128906,6.4188901849138045,,,,,0,0.0
2023-02-16 00:00:00-05:00,298.65802001953125,6.36289831165417,,,,,0,0.0
2023-02-17 00:00:00-05:00,296.5508117675781,6.238645798237273,,,,,0,0.0
2023-02-21 00:00:00-05:00,289.52996826171875,6.330649741068023,,,,,0,0.0
2023-02-22 00:00:00-05:00,289.74658203125,6.071767766034519,,,,,0,0.0
2023-02-23 00:00:00-05:00,292.2772216796875,6.014052566043474,,,,,0,0.0
2023-02-24 00:00:00-05:00,287.38330078125,6.079286338715241,,,,,0,0.0
2023-02-27 00:00:00-05:00,289.4412841796875,5.92825209670799,,,,,0,0.0
2023-02-28 00:00:00-05:00,289.06707763671875,5.646590884694932,,,,,0,0.0
2023-03-01 00:00:00-05:00,286.7432861328125,5.4492212234182436,,,,,0,0.0
2023-03-02 00:00:00-05:00,289.1163635253906,5.501024193724585,,,,,0,0.0
2023-03-03 00:00:00-05:00,295.09344482421875,5.572264632029321,,,,,0,0.0
2023-03-06 00:00:00-05:00,295.42822265625,5.440425696346476,,,,,0,0.0
2023-03-07 00:00:00-05:00,291.8045959472656,5.417287771742742,,,,,0,0.0
2023-03-08 00:00:00-05:00,293.2619934082031,5.225124662132049,,,,,0,0.0
2023-03-09 00:00:00-05:00,288.1809387207031,5.603610826400061,,,,,0,0.0
2023-03-10 00:00:00-05:00,284.1338195800781,5.729582494790049,,,,,0,0.0
2023-03-13 00:00:00-04:00,286.2410583496094,6.070421297070484,,,,,0,0.0
2023-03-14 00:00:00-04:00,292.81878662109375,6.1762946815047455,,,,,0,0.0
2023-03-15 00:00:00-04:00,294.3548889160156,6.152436218048591,,,,,0,0.0
2023-03-16 00:00:00-04:00,302.1143798828125,6.520902295637461,,,,,0,0.0
2023-03-17 00:00:00-04:00,300.6865234375,6.437965793409281,,,,,0,0.0
2023-03-20 00:00:00-04:00,301.75360107421875,6.217255239860304,,,,,0,0.0
2023-03-21 00:00:00-04:00,306.0633850097656,6.071873368009262,,,,,0,0.0
2023-03-22 00:00:00-04:00,301.90155029296875,6.381869089220643,,,,,0,0.0
2023-03-23 00:00:00-04:00,305.4815979003906,6.5356230721949276,,,,,0,0.0
2023-03-24 00:00:00-04:00,306.6058044433594,6.280491288518616,,,,,0,0.0
2023-03-27 00:00:00-04:00,304.5051574707031,6.126813521788773,,,,,0,0.0
2023-03-28 00:00:00-04:00,302.88775634765625,5.907634488027391,,,,,0,0.0
2023-03-29 00:00:00-04:00,308.41058349609375,5.9312860682009,,,,,0,0.0
2023-03-30 00:00:00-04:00,311.329833984375,5.693202016946334,,,,,0,0.0
2023-03-31 00:00:00-04:00,316.5074462890625,5.6732068500672765,,,,,0,0.0
2023-04-03 00:00:00-04:00,315.73822021484375,5.452044815230285,,,,,0,0.0
2023-04-04 00:00:00-04:00,314.6731262207031,5.281605624717716,,,,,0,0.0
2023-04-05 00:00:00-04:00,311.5665283203125,5.246556091378667,,,,,0,0.0
2023-04-06 00:00:00-04:00,313.6671142578125,5.28700235533264,,,,,0,0.0
2023-04-10 00:00:00-04:00,313.4896545410156,5.231681116148266,,,,,0,0.0
2023-04-11 00:00:00-04:00,311.4776916503906,4.962959321137141,,,,,0,0.0
2023-04-12 00:00:00-04:00,308.7262268066406,5.043602521988925,,,,,0,0.0
2023-04-13 00:00:00-04:00,314.771728515625,5.191129056111585,,,,,0,0.0
2023-04-14 00:00:00-04:00,314.179931640625,5.140470380648387,,,,,0,0.0
2023-04-17 00:00:00-04:00,314.4462585449219,4.938069102196944,,,,,0,0.0
2023-04-18 00:00:00-04:00,314.4659423828125,4.81705305095784,,,,,0,0.0
2023-04-19 00:00:00-04:00,314.31805419921875,4.681511803886891,,,,,0,0.0
2023-04-20 00:00:00-04:00,311.9215087890625,4.637433813498846,,,,,0,0.0
2023-04-21 00:00:00-04:00,312.24700927734375,4.499141733965004,,,,,0,0.0
2023-04-24 00:00:00-04:00,311.5960998535156,4.443715407145116,,,,,0,0.0
2023-04-25 00:00:00-04:00,305.71820068359375,4.596993571547563,,,,,0,0.0
2023-04-26 00:00:00-04:00,307.5722961425781,4.625473894215054,,,,,0,0.0
2023-04-27 00:00:00-04:00,315.93548583984375,5.049540632450553,,,,,0,0.0
2023-04-28 00:00:00-04:00,318.114990234375,4.908501840627068,,,,,0,0.0
2023-05-01 00:00:00-04:00,317.7501220703125,4.6681522987608375,,,,,0,0.0
2023-05-02 00:00:00-04:00,314.9788513183594,4.678670050279424,,,,,0,0.0
2023-05-03 00:00:00-04:00,312.9176330566406,4.7325140692820415,,,,,0,0.0
2023-05-04 00:00:00-04:00,311.8130798339844,4.565978538402897,,,,,0,0.0
2023-05-05 00:00:00-04:00,318.4404602050781,4.857919345080852,,,,,0,0.0
2023-05-08 00:00:00-04:00,319.2294616699219,4.640379293200424,,,,,0,0.0
2023-05-09 00:00:00-04:00,317.2076416015625,4.410083115769063,,,,,0,0.0
2023-05-10 00:00:00-04:00,320.6594543457031,4.403998007810625,,,,,0,0.0
2023-05-11 00:00:00-04:00,321.7048645019531,4.222974458655105,,,,,0,0.0
2023-05-12 00:00:00-04:00,320.55096435546875,4.217848998758313,,,,,0,0.0
2023-05-15 00:00:00-04:00,322.2867431640625,4.098834268147391,,,,,0,0.0
2023-05-16 00:00:00-04:00,322.6515808105469,3.9729825437962765,,,,,0,0.0
2023-05-17 00:00:00-04:00,326.5569763183594,4.036247082690221,,,,,0,0.0
2023-05-18 00:00:00-04:00,332.6222839355469,4.260850088398549,,,,,0,0.0
2023-05-19 00:00:00-04:00,331.87274169921875,4.108933986881339,,,,,0,0.0
2023-05-22 00:00:00-04:00,332.9871520996094,3.937694203756293,,,,,0,0.0
2023-05-23 00:00:00-04:00,328.7661437988281,4.001528073579329,,,,,0,0.0
2023-05-24 00:00:00-04:00,327.0797119140625,3.976137982115188,,,,,0,0.0
2023-05-25 00:00:00-04:00,335.0385437011719,4.501630541320502,347.5573230984494,1.0,2.0,4.462214154684902,1,1.0
2023-05-26 00:00:00-04:00,343.59893798828125,4.99133619246887,347.5573230984494,1.0,2.0,4.479851555944367,1,0.0
2023-05-30 00:00:00-04:00,345.1571350097656,5.037577198644579,347.5573230984494,1.0,1.0,5.5389298379841625,1,0.0
2023-05-31 00:00:00-04:00,343.1945495605469,4.937182934706332,347.5573230984494,1.0,2.0,4.4946041810657205,1,0.0
2023-06-01 00:00:00-04:00,347.1591796875,5.104229983897546,347.5573230984494,1.0,1.0,5.526854842037312,1,0.0
2023-06-02 00:00:00-04:00,349.76275634765625,4.97054056511268,335.5143887126808,-1.0,2.0,4.509477193067188,-1,-2.0
2023-06-05 00:00:00-04:00,350.00933837890625,4.833456069256903,337.215783411959,-1.0,2.0,4.519294734769907,-1,0.0
2023-06-06 00:00:00-04:00,349.9501953125,4.635129400758223,337.215783411959,-1.0,2.0,4.52270163671074,-1,0.0
2023-06-07 00:00:00-04:00,344.0130920410156,5.053296931454196,337.215783411959,-1.0,1.0,5.514055979589119,-1,0.0
2023-06-08 00:00:00-04:00,348.283447265625,5.021355202563474,337.215783411959,-1.0,1.0,5.501090169667392,-1,0.0
2023-06-09 00:00:00-04:00,349.6148681640625,4.975839864734056,337.215783411959,-1.0,2.0,4.598826700000023,-1,0.0
2023-06-12 00:00:00-04:00,355.5223388671875,5.078865747759268,337.215783411959,-1.0,1.0,5.330235383342531,-1,0.0
2023-06-13 00:00:00-04:00,358.2541198730469,4.973355421192976,341.13502608769596,-1.0,1.0,5.3151583586695175,-1,0.0
2023-06-14 00:00:00-04:00,360.8577575683594,5.045067523621262,342.4096032046393,-1.0,1.0,5.296309420540412,-1,0.0
2023-06-15 00:00:00-04:00,365.1576843261719,5.308823684452819,346.91567408163996,-1.0,1.0,5.296622277138222,-1,0.0
2023-06-16 00:00:00-04:00,362.85980224609375,5.3075408064198895,349.19773885143377,-1.0,1.0,5.288760015251674,-1,0.0
2023-06-20 00:00:00-04:00,362.34033203125,5.2142806052385415,349.19773885143377,-1.0,1.0,5.240852069789606,-1,0.0
2023-06-21 00:00:00-04:00,357.4024353027344,5.279474261615749,349.19773885143377,-1.0,1.0,5.219292444942637,-1,0.0
2023-06-22 00:00:00-04:00,361.61944580078125,5.354932203359587,349.19773885143377,-1.0,1.0,5.222446857929078,-1,0.0
2023-06-23 00:00:00-04:00,358.0345153808594,5.3477946026608505,349.19773885143377,-1.0,1.0,5.225295670309346,-1,0.0
2023-06-26 00:00:00-04:00,353.2348937988281,5.529005142529569,349.19773885143377,-1.0,1.0,5.220991623817912,-1,0.0
2023-06-27 00:00:00-04:00,359.3084716796875,5.656544827161229,349.19773885143377,-1.0,1.0,5.240070982367989,-1,0.0
2023-06-28 00:00:00-04:00,360.0096435546875,5.547148301425458,349.19773885143377,-1.0,1.0,5.256291260371819,-1,0.0
2023-06-29 00:00:00-04:00,359.2887268066406,5.264015892147841,349.19773885143377,-1.0,1.0,5.256462918855731,-1,0.0
2023-06-30 00:00:00-04:00,364.8289794921875,5.397307519151164,349.19773885143377,-1.0,1.0,5.259524757992589,-1,0.0
2023-07-03 00:00:00-04:00,365.6881408691406,5.051140086468837,349.5870817231974,-1.0,1.0,5.25509104157719,-1,0.0
2023-07-05 00:00:00-04:00,365.6783447265625,4.876863468660239,350.0163671016273,-1.0,1.0,5.238767316164184,-1,0.0
2023-07-06 00:00:00-04:00,362.89337158203125,4.958020983689566,350.0163671016273,-1.0,1.0,5.224993578954753,-1,0.0
2023-07-07 00:00:00-04:00,361.6885070800781,4.903663869831338,350.0163671016273,-1.0,1.0,5.208799096112426,-1,0.0
2023-07-10 00:00:00-04:00,361.8070068359375,4.772772266114382,350.0163671016273,-1.0,2.0,4.397215749720574,-1,0.0
2023-07-11 00:00:00-04:00,363.59454345703125,4.69151253598948,350.0163671016273,-1.0,2.0,4.408115630693495,-1,0.0
2023-07-12 00:00:00-04:00,368.186767578125,4.816880637766267,352.1316457422236,-1.0,1.0,5.1624185408464625,-1,0.0
2023-07-13 00:00:00-04:00,374.43804931640625,5.043276463301318,357.55079449855,-1.0,1.0,5.159987069876154,-1,0.0
2023-07-14 00:00:00-04:00,374.3590393066406,5.001131930437373,360.3205711585847,-1.0,1.0,5.156809967087378,-1,0.0
2023-07-17 00:00:00-04:00,377.8551330566406,4.938523519278718,361.2345966872986,-1.0,1.0,5.143508220944951,-1,0.0
2023-07-18 00:00:00-04:00,380.9461669921875,5.148810769027275,363.3673725053843,-1.0,1.0,5.143612192475977,-1,0.0
2023-07-19 00:00:00-04:00,380.8572692871094,4.997358606040796,365.91878629112955,-1.0,1.0,5.140799623506069,-1,0.0
2023-07-20 00:00:00-04:00,372.07781982421875,5.478276074240636,365.91878629112955,-1.0,1.0,5.147167103708608,-1,0.0
2023-07-21 00:00:00-04:00,370.9618835449219,5.397571370170332,365.91878629112955,-1.0,1.0,5.160018885329575,-1,0.0
2023-07-24 00:00:00-04:00,371.5543518066406,5.17778670643821,365.91878629112955,-1.0,1.0,5.160336167849373,-1,0.0
2023-07-25 00:00:00-04:00,374.0726623535156,5.078739062676338,365.91878629112955,-1.0,1.0,5.153720414978982,-1,0.0
2023-07-26 00:00:00-04:00,372.82830810546875,4.971819295191549,365.91878629112955,-1.0,1.0,5.144270327505176,-1,0.0
2023-07-27 00:00:00-04:00,371.9395446777344,5.402954899303079,365.91878629112955,-1.0,1.0,5.14124693942078,-1,0.0
2023-07-28 00:00:00-04:00,378.7143249511719,5.642842809957888,365.91878629112955,-1.0,0.0,6.042624012990221,-1,0.0
2023-07-31 00:00:00-04:00,378.9117431640625,5.329402743875653,365.91878629112955,-1.0,1.0,5.119103260419354,-1,0.0
2023-08-01 00:00:00-04:00,378.0328063964844,5.091746930498461,365.91878629112955,-1.0,1.0,5.116678210753289,-1,0.0
2023-08-02 00:00:00-04:00,369.7372741699219,5.536560556646403,365.91878629112955,-1.0,1.0,5.124176109787094,-1,0.0
2023-08-03 00:00:00-04:00,369.14471435546875,5.395712075405314,365.91878629112955,-1.0,1.0,5.128939898657589,-1,0.0
2023-08-04 00:00:00-04:00,367.4164123535156,5.504976601860661,365.91878629112955,-1.0,1.0,5.141785588758401,-1,0.0
2023-08-07 00:00:00-04:00,370.5273132324219,5.327781210551931,365.91878629112955,-1.0,1.0,5.144992409823806,-1,0.0
2023-08-08 00:00:00-04:00,367.376953125,5.424086417493852,365.91878629112955,-1.0,1.0,5.149722816733468,-1,0.0
2023-08-09 00:00:00-04:00,363.3377685546875,5.406078483734509,380.66133842317225,1.0,1.0,5.153995411183486,1,2.0
2023-08-10 00:00:00-04:00,364.00927734375,5.58837128215877,380.66133842317225,1.0,0.0,5.977462609393256,1,0.0
2023-08-11 00:00:00-04:00,361.6885070800781,5.414683697178719,377.2670200010717,1.0,1.0,5.158268989642424,1,0.0
2023-08-14 00:00:00-04:00,365.7474060058594,5.443043457514373,377.2670200010717,1.0,1.0,5.162862126221003,1,0.0
2023-08-15 00:00:00-04:00,361.86627197265625,5.354009725065836,377.2670200010717,1.0,1.0,5.129292663392877,1,0.0
2023-08-16 00:00:00-04:00,358.0345153808594,5.311406428184152,376.9069089548046,1.0,0.0,5.50238948865989,1,0.0
2023-08-17 00:00:00-04:00,354.12371826171875,5.387622243468292,373.09761468456395,1.0,0.0,5.450625895562126,1,0.0
2023-08-18 00:00:00-04:00,353.6793212890625,5.313020269524685,368.892991803041,1.0,0.0,5.423460084527426,1,0.0
2023-08-21 00:00:00-04:00,359.3775634765625,5.419685192936553,368.892991803041,1.0,0.0,5.411261352150156,1,0.0
2023-08-22 00:00:00-04:00,358.86407470703125,5.260895258985899,368.892991803041,1.0,0.0,5.382603438725402,1,0.0
2023-08-23 00:00:00-04:00,364.5228271484375,5.41030307873066,368.892991803041,1.0,0.0,5.375867749720267,1,0.0
2023-08-24 00:00:00-04:00,356.73089599609375,6.0276932427287475,368.892991803041,1.0,0.0,5.396291268280925,1,0.0
2023-08-25 00:00:00-04:00,359.4961242675781,6.132026177659917,368.892991803041,1.0,0.0,5.413290802341666,1,0.0
2023-08-28 00:00:00-04:00,362.20208740234375,5.88323744937443,368.892991803041,1.0,0.0,5.428331597958084,1,0.0
2023-08-29 00:00:00-04:00,370.1125183105469,6.173852587095535,349.6562820818547,-1.0,0.0,5.472361190439241,-1,-2.0
2023-08-30 00:00:00-04:00,372.176513671875,5.91100846594144,354.4973614582078,-1.0,0.0,5.496380251130901,-1,0.0
2023-08-31 00:00:00-04:00,373.2925109863281,5.602358474315727,357.09599484551666,-1.0,0.0,5.499244527433194,-1,0.0
2023-09-01 00:00:00-04:00,372.8974304199219,5.511219481057586,357.25299186304363,-1.0,0.0,5.499559657791731,-1,0.0
2023-09-05 00:00:00-04:00,373.3714904785156,5.303773800223853,357.25299186304363,-1.0,0.0,5.4945395075976835,-1,0.0
2023-09-06 00:00:00-04:00,370.0828857421875,5.303719501211154,357.25299186304363,-1.0,0.0,5.48304977811608,-1,0.0
2023-09-07 00:00:00-04:00,367.4361572265625,5.325404311198717,357.25299186304363,-1.0,0.0,5.479296314618048,-1,0.0
2023-09-08 00:00:00-04:00,367.94970703125,5.11382490615361,357.25299186304363,-1.0,1.0,4.909172588988607,-1,0.0
2023-09-11 00:00:00-04:00,372.28515625,5.087340015498043,357.25299186304363,-1.0,1.0,4.961431745633687,-1,0.0
2023-09-12 00:00:00-04:00,368.1571044921875,5.020051631728772,357.25299186304363,-1.0,1.0,4.970340688471631,-1,0.0
2023-09-13 00:00:00-04:00,369.5594482421875,4.909124283312247,357.25299186304363,-1.0,1.0,4.944834596033523,-1,0.0
2023-09-14 00:00:00-04:00,372.5814208984375,4.850766025739254,357.25299186304363,-1.0,1.0,4.928291442452471,-1,0.0
2023-09-15 00:00:00-04:00,366.20166015625,5.097486065781399,357.25299186304363,-1.0,1.0,4.923999925103123,-1,0.0
2023-09-18 00:00:00-04:00,366.58349609375,4.86070298532947,357.25299186304363,-1.0,1.0,4.944266846894625,-1,0.0
2023-09-19 00:00:00-04:00,365.8021545410156,4.7583659348294685,357.25299186304363,-1.0,1.0,4.947220003352723,-1,0.0
2023-09-20 00:00:00-04:00,360.5307922363281,4.9599963050364195,357.25299186304363,-1.0,1.0,4.945230129410186,-1,0.0
2023-09-21 00:00:00-04:00,353.9242858886719,5.141458655230592,370.5408942367616,1.0,1.0,4.950406947512487,1,2.0
2023-09-22 00:00:00-04:00,353.9736633300781,5.043681732373132,370.5408942367616,1.0,1.0,4.958752046037205,1,0.0
2023-09-25 00:00:00-04:00,355.6549987792969,4.91216924902269,368.7715798223491,1.0,1.0,4.9639409171203885,1,0.0
2023-09-26 00:00:00-04:00,350.3144226074219,5.0539101505223325,366.3798676524925,1.0,1.0,4.971083052259062,1,0.0
2023-09-27 00:00:00-04:00,351.1352233886719,5.104340707467333,365.19672139535527,1.0,1.0,4.973979957807068,1,0.0
2023-09-28 00:00:00-04:00,354.0726013183594,5.279287288751998,365.19672139535527,1.0,0.0,5.48084409279694,1,0.0
2023-09-29 00:00:00-04:00,354.32977294921875,5.337839101401154,365.19672139535527,1.0,0.0,5.47751839532262,1,0.0
2023-10-02 00:00:00-04:00,357.2868347167969,5.2748180415293735,365.19672139535527,1.0,0.0,5.472911569100046,1,0.0
2023-10-03 00:00:00-04:00,351.0166015625,5.536557328819805,365.19672139535527,1.0,0.0,5.4743259193160405,1,0.0
2023-10-04 00:00:00-04:00,355.7934265136719,5.545636804045695,365.19672139535527,1.0,0.0,5.475876155940599,1,0.0
2023-10-05 00:00:00-04:00,354.74517822265625,5.486561140910447,365.19672139535527,1.0,0.0,5.476103496046339,1,0.0
2023-10-06 00:00:00-04:00,360.68902587890625,6.031740950073413,365.19672139535527,1.0,0.0,5.487679276338571,1,0.0
2023-10-09 00:00:00-04:00,362.5285339355469,6.054603729563906,365.19672139535527,1.0,0.0,5.499249163139087,1,0.0
2023-10-10 00:00:00-04:00,364.5362243652344,5.932763739683594,365.19672139535527,1.0,0.0,5.5079194546699775,1,0.0
2023-10-11 00:00:00-04:00,367.1373291015625,5.657946135174121,349.2003645887523,-1.0,0.0,5.510861154287706,-1,-2.0
2023-10-12 00:00:00-04:00,365.86151123046875,5.709287818364796,349.7617795262209,-1.0,0.0,5.594048504956948,-1,0.0
2023-10-13 00:00:00-04:00,361.26263427734375,5.860332277317343,349.7617795262209,-1.0,0.0,5.62970285237697,-1,0.0
2023-10-16 00:00:00-04:00,365.3472595214844,5.788585520210075,349.7617795262209,-1.0,0.0,5.890176123593316,-1,0.0
2023-10-17 00:00:00-04:00,364.1505126953125,5.828843125183721,349.7617795262209,-1.0,0.0,5.886087257032677,-1,0.0
2023-10-18 00:00:00-04:00,359.3736572265625,5.857160235154162,349.7617795262209,-1.0,0.0,5.8842793181652695,-1,0.0
2023-10-19 00:00:00-04:00,356.0110778808594,5.949898185851808,349.7617795262209,-1.0,0.0,5.888139251558595,-1,0.0
2023-10-20 00:00:00-04:00,350.7001037597656,5.915673810921249,349.7617795262209,-1.0,0.0,5.889668949300965,-1,0.0
2023-10-23 00:00:00-04:00,351.75830078125,6.1291553833447505,349.7617795262209,-1.0,0.0,5.949116418654306,-1,0.0
2023-10-24 00:00:00-04:00,355.1802673339844,5.935578529962143,349.7617795262209,-1.0,0.0,5.94832007226065,-1,0.0
2023-10-25 00:00:00-04:00,346.4869689941406,6.269701268777052,367.327779831422,1.0,0.0,5.966174583178227,1,2.0
2023-10-26 00:00:00-04:00,339.88043212890625,6.43294384941972,360.42152334395286,1.0,0.0,6.006377696014611,1,0.0
2023-10-27 00:00:00-04:00,341.51226806640625,6.301950633135136,360.42152334395286,1.0,0.0,6.021934166389375,1,0.0
2023-10-30 00:00:00-04:00,345.3595886230469,6.189013561291186,360.42152334395286,1.0,0.0,6.030288136134466,1,0.0
2023-10-31 00:00:00-04:00,347.0111389160156,6.028020629914907,360.42152334395286,1.0,0.0,6.03018015964782,1,0.0
2023-11-01 00:00:00-04:00,353.03411865234375,6.08389037464073,360.42152334395286,1.0,0.0,6.032621533056588,1,0.0
2023-11-02 00:00:00-04:00,359.44287109375,6.140111662293165,360.42152334395286,1.0,0.0,6.037295016936439,1,0.0
2023-11-03 00:00:00-04:00,363.6659240722656,6.0779648169904235,344.6192909837355,-1.0,0.0,6.03898959193869,-1,-2.0
2023-11-06 00:00:00-05:00,365.1494445800781,5.754011445511239,346.21119605239693,-1.0,0.0,6.027590466081592,-1,0.0
2023-11-07 00:00:00-05:00,368.6010437011719,5.626628069493574,350.95469354414115,-1.0,1.0,5.425519229671024,-1,0.0
2023-11-08 00:00:00-05:00,368.83843994140625,5.377480251449854,351.83030248671514,-1.0,1.0,5.427073439560579,-1,0.0
2023-11-09 00:00:00-05:00,365.9999694824219,5.356978329493978,351.83030248671514,-1.0,1.0,5.4302445000995885,-1,0.0
2023-11-10 00:00:00-05:00,374.2284851074219,5.658966485557887,354.4707142647096,-1.0,1.0,5.438677660631637,-1,0.0
2023-11-13 00:00:00-05:00,373.06146240234375,5.404605636042635,356.2970699449307,-1.0,1.0,5.43978151469126,-1,0.0
2023-11-14 00:00:00-05:00,381.0921325683594,5.759191570120082,362.43705353261544,-1.0,0.0,6.017267431621534,-1,0.0
2023-11-15 00:00:00-05:00,381.37896728515625,5.530413099930621,365.4241306793752,-1.0,1.0,5.441904125360157,-1,0.0
2023-11-16 00:00:00-05:00,381.7052917480469,5.237479770075209,365.4241306793752,-1.0,1.0,5.432379919517292,-1,0.0
2023-11-17 00:00:00-05:00,381.79437255859375,4.988674251404053,366.4942724924257,-1.0,2.0,4.981352904220613,-1,0.0
2023-11-20 00:00:00-05:00,386.44268798828125,5.020902840869049,369.50703259288434,-1.0,2.0,4.982588839740876,-1,0.0
2023-11-21 00:00:00-05:00,384.1976013183594,4.918373488112815,369.50703259288434,-1.0,2.0,4.980642919994571,-1,0.0
2023-11-22 00:00:00-05:00,385.7701721191406,4.881483829191814,371.8277340459394,-1.0,2.0,4.975501821289206,-1,0.0
2023-11-24 00:00:00-05:00,385.2261657714844,4.5664107904738644,371.8277340459394,-1.0,2.0,4.966094164374468,-1,0.0
2023-11-27 00:00:00-05:00,384.88995361328125,4.393612826109254,371.8277340459394,-1.0,2.0,4.948990886872035,-1,0.0
2023-11-28 00:00:00-05:00,385.898681640625,4.224250168244398,371.8277340459394,-1.0,2.0,4.920609339335999,-1,0.0
2023-11-29 00:00:00-05:00,385.52288818359375,4.264680406434015,372.7768132972758,-1.0,2.0,4.904731468720987,-1,0.0
2023-11-30 00:00:00-05:00,384.55364990234375,4.306008399028539,372.7768132972758,-1.0,2.0,4.892684464440958,-1,0.0
2023-12-01 00:00:00-05:00,385.6514892578125,4.317491627688881,372.7768132972758,-1.0,2.0,4.859208147592515,-1,0.0
2023-12-04 00:00:00-05:00,382.0712890625,4.605737606278678,372.7768132972758,-1.0,2.0,4.781884495111566,-1,0.0
2023-12-05 00:00:00-05:00,383.03057861328125,4.569446532774859,372.7768132972758,-1.0,2.0,4.763897603542294,-1,0.0
2023-12-06 00:00:00-05:00,380.8152160644531,4.6732643351434815,372.7768132972758,-1.0,2.0,4.725940518999289,-1,0.0
2023-12-07 00:00:00-05:00,386.1360778808594,4.821099896458302,372.7768132972758,-1.0,2.0,4.755575327893525,-1,0.0
2023-12-08 00:00:00-05:00,387.8569030761719,4.748435139441281,372.7768132972758,-1.0,2.0,4.719255123819269,-1,0.0
2023-12-11 00:00:00-05:00,391.1700439453125,4.694907425839523,375.1757928797561,-1.0,2.0,4.718240636403444,-1,0.0
2023-12-12 00:00:00-05:00,394.2854309082031,4.658600031496735,378.09062453834133,-1.0,2.0,4.715855012207176,-1,0.0
2023-12-13 00:00:00-05:00,399.29962158203125,4.755476731253657,383.0310213243222,-1.0,2.0,4.7173789244781945,-1,0.0
2023-12-14 00:00:00-05:00,398.95355224609375,4.869373436029425,384.6478703862235,-1.0,2.0,4.745476460529585,-1,0.0
2023-12-15 00:00:00-05:00,400.882080078125,4.693970326762005,386.46207302321767,-1.0,2.0,4.712717648297517,-1,0.0
2023-12-18 00:00:00-05:00,403.4070739746094,4.567251991670459,388.5066008547754,-1.0,2.0,4.707522446275121,-1,0.0
2023-12-19 00:00:00-05:00,405.4682922363281,4.3285398628847025,390.5475529299901,-1.0,2.0,4.6944540813306235,-1,0.0
2023-12-20 00:00:00-05:00,399.4431457519531,4.645856472925047,390.5475529299901,-1.0,2.0,4.692834161050437,-1,0.0
2023-12-21 00:00:00-05:00,404.09088134765625,4.682713092783653,390.5475529299901,-1.0,2.0,4.692507674977315,-1,0.0
2023-12-22 00:00:00-05:00,404.69537353515625,4.560291943808733,390.5475529299901,-1.0,2.0,4.688375933378298,-1,0.0
2023-12-26 00:00:00-05:00,407.17279052734375,4.419390184639038,392.6776990807462,-1.0,2.0,4.65827308323054,-1,0.0
2023-12-27 00:00:00-05:00,408.0017395019531,4.146999632622354,393.54817341499984,-1.0,2.0,4.631122289076293,-1,0.0
2023-12-28 00:00:00-05:00,407.8033752441406,3.9286174877918385,394.63448333873276,-1.0,2.0,4.597852004649047,-1,0.0
2023-12-29 00:00:00-05:00,406.0384826660156,3.9383069413607306,394.63448333873276,-1.0,2.0,4.542484553966671,-1,0.0
2024-01-02 00:00:00-05:00,399.1674499511719,4.464582313672356,394.63448333873276,-1.0,2.0,4.539887812623528,-1,0.0
2024-01-03 00:00:00-05:00,394.94366455078125,4.484125781471976,394.63448333873276,-1.0,2.0,4.538089037425091,-1,0.0
2024-01-04 00:00:00-05:00,392.9111022949219,4.3857121222068125,407.93830169317636,1.0,2.0,4.498445242477032,1,2.0
2024-01-05 00:00:00-05:00,393.3770751953125,4.365553446223265,407.51626252211264,1.0,2.0,4.481713774217859,1,0.0
2024-01-08 00:00:00-05:00,401.50738525390625,4.770780389354422,407.51626252211264,1.0,2.0,4.491349328055745,1,0.0
2024-01-09 00:00:00-05:00,402.30059814453125,4.787469793072373,407.51626252211264,1.0,2.0,4.500901601120797,1,0.0
2024-01-10 00:00:00-05:00,405.0272216796875,4.7400223305207625,407.51626252211264,1.0,2.0,4.508374123914546,1,0.0
2024-01-11 00:00:00-05:00,405.8699951171875,4.95610536482866,407.51626252211264,1.0,1.0,5.180876306498008,1,0.0
2024-01-12 00:00:00-05:00,406.0781555175781,4.767859992940209,407.51626252211264,1.0,2.0,4.516237332066838,1,0.0
2024-01-16 00:00:00-05:00,406.0384826660156,4.716427726537154,407.51626252211264,1.0,2.0,4.5221252848453775,1,0.0
2024-01-17 00:00:00-05:00,403.7481384277344,4.899170100626478,407.51626252211264,1.0,1.0,5.121503208675111,1,0.0
2024-01-18 00:00:00-05:00,409.4790344238281,5.040840749803159,392.6682527172486,-1.0,1.0,5.110295391878383,-1,-2.0
2024-01-19 00:00:00-05:00,417.599365234375,5.3646540962768805,399.0526882937266,-1.0,1.0,5.126282280108341,-1,0.0
2024-01-22 00:00:00-05:00,418.144775390625,5.186121305963623,403.9456326206109,-1.0,1.0,5.127991966561349,-1,0.0
2024-01-23 00:00:00-05:00,419.8798828125,4.977848754403565,403.9456326206109,-1.0,1.0,5.104651333318097,-1,0.0
2024-01-24 00:00:00-05:00,422.2098693847656,5.111646941876107,408.64039553185927,-1.0,1.0,5.104840403819665,-1,0.0
2024-01-25 00:00:00-05:00,422.7254638671875,5.102180332478499,408.64039553185927,-1.0,1.0,5.122931443642247,-1,0.0
2024-01-26 00:00:00-05:00,420.20703125,4.909244833516529,408.64039553185927,-1.0,1.0,5.099756925828785,-1,0.0
2024-01-29 00:00:00-05:00,424.5101623535156,4.888292791518486,408.64039553185927,-1.0,1.0,5.089103566631212,-1,0.0
2024-01-30 00:00:00-05:00,421.68438720703125,4.773257213435242,408.84603771340977,-1.0,2.0,4.520718147109404,-1,0.0
2024-01-31 00:00:00-05:00,413.42523193359375,5.13969327060782,408.84603771340977,-1.0,1.0,5.078568646231979,-1,0.0
2024-02-01 00:00:00-05:00,418.2934875488281,5.162124441392123,408.84603771340977,-1.0,1.0,5.079839686632992,-1,0.0
2024-02-02 00:00:00-05:00,425.36285400390625,5.474801042622535,408.84603771340977,-1.0,1.0,5.090036029452059,-1,0.0
2024-02-05 00:00:00-05:00,424.8076171875,5.384400372756528,408.84603771340977,-1.0,1.0,5.099624154215947,-1,0.0
2024-02-06 00:00:00-05:00,423.9549255371094,5.341709685521905,408.84603771340977,-1.0,1.0,5.118843334215062,-1,0.0
2024-02-07 00:00:00-05:00,428.3174743652344,5.32707911983007,411.9010820251716,-1.0,1.0,5.131716661082382,-1,0.0
2024-02-08 00:00:00-05:00,429.1107177734375,5.0065503497603,413.42548832960154,-1.0,1.0,5.129258939027757,-1,0.0
2024-02-09 00:00:00-05:00,433.33447265625,5.007592510512948,416.39302786873054,-1.0,1.0,5.133228926194877,-1,0.0
2024-02-12 00:00:00-05:00,431.6390380859375,4.95201823090055,417.79544575213004,-1.0,1.0,5.128460223687132,-1,0.0
2024-02-13 00:00:00-05:00,424.90673828125,5.449309077562432,417.79544575213004,-1.0,1.0,5.141336875595713,-1,0.0
2024-02-14 00:00:00-05:00,429.5370178222656,5.410039836829607,417.79544575213004,-1.0,1.0,5.176877797244688,-1,0.0
2024-02-15 00:00:00-05:00,430.81610107421875,5.230935291951361,417.79544575213004,-1.0,1.0,5.181444957234401,-1,0.0
2024-02-16 00:00:00-05:00,426.9096374511719,5.217470562831391,417.79544575213004,-1.0,1.0,5.188891330741931,-1,0.0
2024-02-20 00:00:00-05:00,423.687255859375,5.39671491687936,417.79544575213004,-1.0,1.0,5.197252422604296,-1,0.0
2024-02-21 00:00:00-05:00,421.9917297363281,5.421210567260326,417.79544575213004,-1.0,1.0,5.2049809557699795,-1,0.0
2024-02-22 00:00:00-05:00,434.3458251953125,6.218605205394556,417.79544575213004,-1.0,0.0,5.968944962051721,-1,0.0
2024-02-23 00:00:00-05:00,433.0668029785156,6.072662852730554,417.79544575213004,-1.0,0.0,5.9727863654101965,-1,0.0
2024-02-26 00:00:00-05:00,432.8387145996094,5.68749431801606,417.79544575213004,-1.0,0.0,5.962597363717549,-1,0.0
2024-02-27 00:00:00-05:00,433.8797912597656,5.412227623131098,417.79544575213004,-1.0,1.0,5.194419606557839,-1,0.0
2024-02-28 00:00:00-05:00,431.569580078125,5.19820146317813,417.79544575213004,-1.0,1.0,5.18527657127185,-1,0.0
2024-02-29 00:00:00-05:00,435.2679443359375,5.181071901320644,418.30350926072305,-1.0,1.0,5.177237380756329,-1,0.0
2024-03-01 00:00:00-05:00,441.82171630859375,5.414517402325681,423.8921610548544,-1.0,1.0,5.183321483873493,-1,0.0
2024-03-04 00:00:00-05:00,440.2452392578125,5.09813780217289,425.57914960919544,-1.0,1.0,5.181191891830979,-1,0.0
2024-03-05 00:00:00-05:00,432.34295654296875,5.616511354542804,425.57914960919544,-1.0,0.0,5.944235735358202,-1,0.0
2024-03-06 00:00:00-05:00,435.0596923828125,5.643811549223212,425.57914960919544,-1.0,0.0,5.9436920974370135,-1,0.0
2024-03-07 00:00:00-05:00,441.6630859375,5.8656889890813595,425.57914960919544,-1.0,0.0,5.949707527079957,-1,0.0
2024-03-08 00:00:00-05:00,435.2877502441406,6.300365571032587,425.57914960919544,-1.0,0.0,5.9666318845305435,-1,0.0
2024-03-11 00:00:00-04:00,433.6716003417969,6.025287447357987,425.57914960919544,-1.0,0.0,5.975735804805463,-1,0.0
2024-03-12 00:00:00-04:00,439.8883361816406,6.172331510659175,425.57914960919544,-1.0,0.0,5.98894689655452,-1,0.0
2024-03-13 00:00:00-04:00,436.50726318359375,6.005245486491772,425.57914960919544,-1.0,0.0,5.9946424831444265,-1,0.0
2024-03-14 00:00:00-04:00,435.40673828125,5.963924611491294,425.57914960919544,-1.0,0.0,5.995181961053637,-1,0.0
2024-03-15 00:00:00-04:00,430.2311096191406,6.0020941574419755,425.57914960919544,-1.0,0.0,5.998505820535206,-1,0.0
2024-03-18 00:00:00-04:00,434.33441162109375,6.165654963415049,425.57914960919544,-1.0,0.0,5.9999096505379095,-1,0.0
2024-03-19 00:00:00-04:00,435.41656494140625,6.110029381140102,425.57914960919544,-1.0,0.0,6.006619298660137,-1,0.0
2024-03-20 00:00:00-04:00,440.5791320800781,6.099675075630925,425.57914960919544,-1.0,0.0,6.000079829692979,-1,0.0
2024-03-21 00:00:00-04:00,442.6640930175781,6.04270877764845,426.3321343424813,-1.0,0.0,5.985070788471007,-1,0.0
2024-03-22 00:00:00-04:00,443.1703796386719,5.736280797050348,426.3321343424813,-1.0,0.0,5.963314256313899,-1,0.0
2024-03-25 00:00:00-04:00,441.56207275390625,5.54388729083988,426.3321343424813,-1.0,1.0,5.190038121075098,-1,0.0
2024-03-26 00:00:00-04:00,440.1324462890625,5.400523271849056,426.37406366212986,-1.0,1.0,5.195049672284002,-1,0.0
2024-03-27 00:00:00-04:00,441.6315612792969,5.318157828927328,426.37406366212986,-1.0,1.0,5.197912652671056,-1,0.0
2024-03-28 00:00:00-04:00,440.81744384765625,4.98391323627484,426.37406366212986,-1.0,1.0,5.193049029571142,-1,0.0
2024-04-01 00:00:00-04:00,441.75067138671875,4.933280039912784,426.51148719202865,-1.0,1.0,5.187276385356512,-1,0.0
2024-04-02 00:00:00-04:00,437.93829345703125,5.126973898197498,426.51148719202865,-1.0,1.0,5.18596546172262,-1,0.0
2024-04-03 00:00:00-04:00,438.9211730957031,5.115644193428136,426.51148719202865,-1.0,1.0,5.184469264524865,-1,0.0
2024-04-04 00:00:00-04:00,432.2097473144531,5.7795690602630705,426.51148719202865,-1.0,0.0,5.946304958214462,-1,0.0
2024-04-05 00:00:00-04:00,437.3028564453125,5.978982877820524,426.51148719202865,-1.0,0.0,5.947861049624275,-1,0.0
2024-04-08 00:00:00-04:00,437.4319763183594,5.708710591424778,426.51148719202865,-1.0,0.0,5.950229816570318,-1,0.0
2024-04-09 00:00:00-04:00,439.0502624511719,5.713667969849656,426.51148719202865,-1.0,0.0,5.905949771191534,-1,0.0
2024-04-10 00:00:00-04:00,435.218017578125,5.7330225402145425,426.51148719202865,-1.0,0.0,5.904859394945471,-1,0.0
2024-04-11 00:00:00-04:00,442.16766357421875,5.990701543500419,426.51148719202865,-1.0,0.0,5.924038080094211,-1,0.0
2024-04-12 00:00:00-04:00,435.1186828613281,6.234528428969959,426.51148719202865,-1.0,0.0,5.952814794182966,-1,0.0
2024-04-15 00:00:00-04:00,427.9605712890625,6.79649067792974,426.51148719202865,-1.0,0.0,5.986561829532836,-1,0.0
2024-04-16 00:00:00-04:00,428.0002746582031,6.519922112476753,426.51148719202865,-1.0,0.0,6.0070756865691415,-1,0.0
2024-04-17 00:00:00-04:00,422.778076171875,6.684019590338939,444.06968216875697,1.0,0.0,6.0481336956382235,1,2.0
2024-04-18 00:00:00-04:00,420.3655700683594,6.5527280570920965,440.7245516573681,1.0,0.0,6.08309202286395,1,0.0
2024-04-19 00:00:00-04:00,411.6685485839844,6.924020004079618,433.58021333164595,1.0,0.0,6.2250317772249435,1,0.0
2024-04-22 00:00:00-04:00,415.80859375,6.950411305202908,433.33165447043643,1.0,0.0,6.258003573951215,1,0.0
2024-04-23 00:00:00-04:00,422.01361083984375,6.996001004575165,433.33165447043643,1.0,0.0,6.290090418760952,1,0.0
2024-04-24 00:00:00-04:00,423.44329833984375,6.84542457749112,433.33165447043643,1.0,0.0,6.313229342041377,1,0.0
2024-04-25 00:00:00-04:00,421.3981018066406,6.991864469993279,433.33165447043643,1.0,0.0,6.340374747159453,1,0.0
2024-04-26 00:00:00-04:00,427.9010009765625,7.096852238852214,433.33165447043643,1.0,0.0,6.389621277150287,1,0.0
2024-04-29 00:00:00-04:00,429.6383972167969,6.762448959974167,433.33165447043643,1.0,0.0,6.403960803412744,1,0.0
2024-04-30 00:00:00-04:00,421.53704833984375,6.904280095804162,433.33165447043643,1.0,0.0,6.422491147575389,1,0.0
2024-05-01 00:00:00-04:00,418.4891357421875,7.155036776842588,433.33165447043643,1.0,0.0,6.448653491477789,1,0.0
2024-05-02 00:00:00-04:00,423.8304443359375,7.152369718885017,433.33165447043643,1.0,0.0,6.472919568284935,1,0.0
2024-05-03 00:00:00-04:00,432.3487854003906,7.3882478248970145,433.33165447043643,1.0,0.0,6.914674494295652,1,0.0
2024-05-06 00:00:00-04:00,437.08447265625,7.1319266917610955,414.49279345155884,-1.0,0.0,6.928252756637242,-1,-2.0
2024-05-07 00:00:00-04:00,437.15399169921875,6.656017004599184,416.8689901328236,-1.0,0.0,6.912238888870298,-1,0.0
2024-05-08 00:00:00-04:00,436.8958435058594,6.380591827246595,416.8689901328236,-1.0,0.0,6.852053605740749,-1,0.0
2024-05-09 00:00:00-04:00,437.8489685058594,6.054276377042191,419.63340981195364,-1.0,1.0,5.74422889471088,-1,0.0
2024-05-10 00:00:00-04:00,438.8814697265625,5.827109006587914,421.9849282202529,-1.0,1.0,5.74635402578465,-1,0.0
2024-05-13 00:00:00-04:00,439.8940734863281,5.4866438958079025,422.4660081318192,-1.0,1.0,5.739861272535232,-1,0.0
2024-05-14 00:00:00-04:00,442.7236633300781,5.3360972024094515,424.07916051523773,-1.0,1.0,5.730013368385823,-1,0.0
2024-05-15 00:00:00-04:00,449.6435241699219,5.519293809596771,429.6142074657731,-1.0,1.0,5.724996236033703,-1,0.0
2024-05-16 00:00:00-04:00,448.73016357421875,5.253294122593869,435.4581172246392,-1.0,2.0,4.844301276659171,-1,0.0
2024-05-17 00:00:00-04:00,448.5117492675781,5.0436774885444615,435.4581172246392,-1.0,2.0,4.85669577780624,-1,0.0
2024-05-20 00:00:00-04:00,451.63909912109375,4.918561283379177,435.814415974851,-1.0,2.0,4.869495036748295,-1,0.0
2024-05-21 00:00:00-04:00,452.5226135253906,4.739439579964848,436.49352023889145,-1.0,2.0,4.884685804628871,-1,0.0
2024-05-22 00:00:00-04:00,452.4333190917969,4.636808525790256,436.97025549388405,-1.0,2.0,4.902844549192934,-1,0.0
2024-05-23 00:00:00-04:00,450.3980407714844,5.039848580357127,437.75407527510833,-1.0,2.0,5.060195648102054,-1,0.0
2024-05-24 00:00:00-04:00,454.6571960449219,5.097794353618195,437.902572650702,-1.0,2.0,5.071921796989941,-1,0.0
2024-05-28 00:00:00-04:00,456.374755859375,4.890820664986348,439.68193373273897,-1.0,2.0,5.0794531837216885,-1,0.0
2024-05-29 00:00:00-04:00,453.1580810546875,4.832615756537598,439.68193373273897,-1.0,2.0,5.087729176950038,-1,0.0
2024-05-30 00:00:00-04:00,448.30322265625,4.967876161324132,439.68193373273897,-1.0,2.0,5.106527128727266,-1,0.0
2024-05-31 00:00:00-04:00,447.46923828125,5.406316588284165,439.68193373273897,-1.0,2.0,5.125685992317308,-1,0.0
2024-06-03 00:00:00-04:00,449.8718566894531,5.628162039156005,439.68193373273897,-1.0,1.0,5.941433848319438,-1,0.0
2024-06-04 00:00:00-04:00,451.1029357910156,5.507144331157995,439.68193373273897,-1.0,2.0,5.145783050496983,-1,0.0
2024-06-05 00:00:00-04:00,460.1971130371094,5.87378876771992,439.68193373273897,-1.0,1.0,5.952809761315303,-1,0.0
2024-06-06 00:00:00-04:00,460.0382385253906,5.519720782843685,444.5436279335459,-1.0,2.0,5.163218948192758,-1,0.0
2024-06-07 00:00:00-04:00,459.6312255859375,5.35494392822968,444.9301295871775,-1.0,2.0,5.1750433222981735,-1,0.0
2024-06-10 00:00:00-04:00,461.48773193359375,5.182818258958909,444.9301295871775,-1.0,2.0,5.180296065970998,-1,0.0
2024-06-11 00:00:00-04:00,464.6548156738281,5.271144775459426,446.1872537181805,-1.0,2.0,5.1845609553350025,-1,0.0
2024-06-12 00:00:00-04:00,470.74072265625,5.585931886307672,452.6658249825871,-1.0,1.0,5.940580498815049,-1,0.0
2024-06-13 00:00:00-04:00,473.292236328125,5.448290616107582,457.4211853142923,-1.0,2.0,5.18610956230108,-1,0.0
2024-06-14 00:00:00-04:00,475.7445068359375,5.222155665920946,458.6483828529099,-1.0,2.0,5.190719126669332,-1,0.0
2024-06-17 00:00:00-04:00,481.572265625,5.5656672400585405,463.4328186012459,-1.0,2.0,5.199285547389755,-1,0.0
2024-06-18 00:00:00-04:00,481.72119140625,5.2543246358701285,465.5736433477558,-1.0,2.0,5.2021561946235595,-1,0.0
2024-06-20 00:00:00-04:00,478.00811767578125,5.44570094217014,465.5736433477558,-1.0,2.0,5.219197524259443,-1,0.0
2024-06-21 00:00:00-04:00,476.72735595703125,5.2853477182776505,465.5736433477558,-1.0,2.0,5.226550393273503,-1,0.0
2024-06-24 00:00:00-04:00,471.29998779296875,5.364382377102887,465.5736433477558,-1.0,2.0,5.237497155563646,-1,0.0
2024-06-25 00:00:00-04:00,476.6896057128906,5.396736350111552,465.5736433477558,-1.0,2.0,5.242257212591492,-1,0.0
2024-06-26 00:00:00-04:00,477.6739807128906,5.1344977134188685,465.5736433477558,-1.0,2.0,5.241745606517912,-1,0.0
2024-06-27 00:00:00-04:00,478.90704345703125,4.998917087140106,465.5736433477558,-1.0,2.0,5.232932940675646,-1,0.0
2024-06-28 00:00:00-04:00,476.42108154296875,5.368122301191771,465.5736433477558,-1.0,2.0,5.232631494905927,-1,0.0
2024-07-01 00:00:00-04:00,479.2153625488281,5.450811703256173,465.5736433477558,-1.0,2.0,5.234651902641747,-1,0.0
2024-07-02 00:00:00-04:00,484.2469482421875,5.577937610272624,465.5736433477558,-1.0,2.0,5.239297430242534,-1,0.0
2024-07-03 00:00:00-04:00,488.2841796875,5.512367009862276,470.2063459337971,-1.0,2.0,5.248664405429609,-1,0.0
2024-07-05 00:00:00-04:00,493.37542724609375,5.514008368289891,475.5478866941658,-1.0,2.0,5.258042476869922,-1,0.0
2024-07-08 00:00:00-04:00,494.548828125,5.2012599981342476,478.1051452516925,-1.0,2.0,5.269091761322767,-1,0.0
2024-07-09 00:00:00-04:00,494.97637939453125,5.055024763403899,479.55835166495746,-1.0,2.0,5.255356503778721,-1,0.0
2024-07-10 00:00:00-04:00,500.1372375488281,5.121293571864011,482.39347244220016,-1.0,2.0,5.250009350723802,-1,0.0
2024-07-11 00:00:00-04:00,489.1691589355469,5.857119627996757,482.39347244220016,-1.0,1.0,5.949620090204685,-1,0.0
2024-07-12 00:00:00-04:00,492.0429382324219,6.036090485991094,482.39347244220016,-1.0,1.0,5.952409457810697,-1,0.0
2024-07-15 00:00:00-04:00,493.3654479980469,6.120599056443891,482.39347244220016,-1.0,1.0,5.957665382767985,-1,0.0
2024-07-16 00:00:00-04:00,493.55438232421875,6.034571088411346,482.39347244220016,-1.0,1.0,5.959995858696572,-1,0.0
2024-07-17 00:00:00-04:00,479.066162109375,6.886894408792399,503.2591348946915,1.0,0.0,6.910830862199303,1,2.0
2024-07-18 00:00:00-04:00,476.7989501953125,7.136907202698831,499.0587206013088,1.0,0.0,6.922729616962436,1,0.0
2024-07-19 00:00:00-04:00,472.57281494140625,7.19386697292948,495.94223493813183,1.0,0.0,6.936286484760788,1,0.0
2024-07-22 00:00:00-04:00,479.6131286621094,7.280933469226816,495.94223493813183,1.0,0.0,6.952698245925838,1,0.0
2024-07-23 00:00:00-04:00,477.922607421875,6.979430257013526,495.94223493813183,1.0,0.0,6.953913337338914,1,0.0
2024-07-24 00:00:00-04:00,460.7793884277344,8.082320377178087,486.7304201690892,1.0,0.0,7.002974512984095,1,0.0
2024-07-25 00:00:00-04:00,455.69805908203125,8.498179405695986,480.5334296985061,1.0,0.0,7.113361047034607,1,0.0
2024-07-26 00:00:00-04:00,460.3716735839844,8.410060824122619,480.5334296985061,1.0,0.0,7.169739298212346,1,0.0
2024-07-29 00:00:00-04:00,461.2964782714844,8.194525495805145,480.5334296985061,1.0,0.0,7.212438723112046,1,0.0
2024-07-30 00:00:00-04:00,454.96221923828125,8.609108489671481,480.5334296985061,1.0,0.0,8.358838918494664,1,0.0
2024-07-31 00:00:00-04:00,468.4262390136719,9.265634430561297,480.5334296985061,1.0,0.0,8.509971503839102,1,0.0
2024-08-01 00:00:00-04:00,457.08026123046875,10.285085441620888,480.5334296985061,1.0,0.0,8.763559209236501,1,0.0
2024-08-02 00:00:00-04:00,446.2314758300781,10.767053247377877,473.54195264683864,1.0,0.0,9.013995964004172,1,0.0
2024-08-05 00:00:00-04:00,432.9266052246094,12.206143523854834,462.33358841710873,1.0,0.0,10.630979160853723,1,0.0
2024-08-06 00:00:00-04:00,437.063232421875,12.229509177607405,462.33358841710873,1.0,0.0,11.371947847615251,1,0.0
2024-08-07 00:00:00-04:00,432.3299255371094,12.461347937474338,462.33358841710873,1.0,0.0,11.589827865587068,1,0.0
2024-08-08 00:00:00-04:00,445.5553283691406,12.629235400935945,462.33358841710873,1.0,0.0,11.76306245481188,1,0.0
2024-08-09 00:00:00-04:00,447.8821716308594,12.007693146968908,462.33358841710873,1.0,0.0,11.798009696548599,1,0.0
2024-08-12 00:00:00-04:00,448.8467102050781,11.385658183059943,462.33358841710873,1.0,0.0,11.746465757362518,1,0.0
2024-08-13 00:00:00-04:00,459.9838562011719,11.387657374852193,462.33358841710873,1.0,0.0,11.706598159305816,1,0.0
2024-08-14 00:00:00-04:00,460.133056640625,10.916124971050364,462.33358841710873,1.0,0.0,11.627550840480271,1,0.0
2024-08-15 00:00:00-04:00,471.7574462890625,11.026726341574756,434.23447427680134,-1.0,0.0,11.57293043148886,-1,-2.0
2024-08-16 00:00:00-04:00,472.364013671875,10.397383249506394,436.9447214186869,-1.0,0.0,11.474968166323656,-1,0.0
2024-08-19 00:00:00-04:00,478.5689697265625,10.147189021372945,440.5425393214027,-1.0,0.0,11.372831309019755,-1,0.0
2024-08-20 00:00:00-04:00,477.5646667480469,9.569007794655104,444.71064038826046,-1.0,0.0,11.112096616164878,-1,0.0
2024-08-21 00:00:00-04:00,479.79205322265625,9.114271577249246,457.08967595536257,-1.0,1.0,7.350351517991033,-1,0.0
2024-08-22 00:00:00-04:00,472.18499755859375,9.36926226468577,457.08967595536257,-1.0,0.0,11.003169469197434,-1,0.0
2024-08-23 00:00:00-04:00,477.30609130859375,9.216906669257451,457.08967595536257,-1.0,1.0,8.5832048852505,-1,0.0
2024-08-26 00:00:00-04:00,472.6722412109375,9.005210270046742,457.08967595536257,-1.0,1.0,8.726894618652162,-1,0.0
2024-08-27 00:00:00-04:00,474.08428955078125,8.714249388667467,457.08967595536257,-1.0,1.0,8.725921908653339,-1,0.0
2024-08-28 00:00:00-04:00,468.70465087890625,8.750697875488289,457.08967595536257,-1.0,1.0,8.727691620570122,-1,0.0
2024-08-29 00:00:00-04:00,468.0185241699219,8.726823726638193,457.08967595536257,-1.0,1.0,8.72763376097466,-1,0.0
2024-08-30 00:00:00-04:00,473.5970458984375,8.489553552416718,457.08967595536257,-1.0,1.0,8.71275374793979,-1,0.0
2024-09-03 00:00:00-04:00,459.21820068359375,9.31713516980202,457.08967595536257,-1.0,1.0,8.748305596284625,-1,0.0
2024-09-04 00:00:00-04:00,458.02490234375,9.053650306291676,457.08967595536257,-1.0,1.0,8.765269191285018,-1,0.0
2024-09-05 00:00:00-04:00,458.4525146484375,8.88611925118789,457.08967595536257,-1.0,1.0,8.77162972075359,-1,0.0
2024-09-06 00:00:00-04:00,446.17181396484375,9.293194361591535,478.54617915705586,1.0,1.0,8.797707952795488,1,2.0
2024-09-09 00:00:00-04:00,451.90948486328125,9.037080798306599,476.52702688134076,1.0,1.0,8.809106659724588,1,0.0
2024-09-10 00:00:00-04:00,456.08587646484375,8.823478040693814,476.52702688134076,1.0,1.0,8.809759904314097,1,0.0
2024-09-11 00:00:00-04:00,465.989990234375,9.739977341884105,476.52702688134076,1.0,1.0,8.850204140730185,1,0.0
2024-09-12 00:00:00-04:00,470.56414794921875,9.480944605765417,476.52702688134076,1.0,1.0,8.876484993439986,1,0.0
2024-09-13 00:00:00-04:00,472.6722412109375,8.958447955382882,476.52702688134076,1.0,1.0,8.879763511917703,1,0.0
2024-09-16 00:00:00-04:00,470.5840148925781,8.604543236011864,476.52702688134076,1.0,1.0,8.869178116690556,1,0.0
2024-09-17 00:00:00-04:00,470.8326416015625,8.40336846999133,476.52702688134076,1.0,1.0,8.851925907553547,1,0.0
2024-09-18 00:00:00-04:00,468.79412841796875,8.358541763820751,476.52702688134076,1.0,1.0,8.780740508172183,1,0.0
2024-09-19 00:00:00-04:00,480.6472473144531,8.993391309857195,454.28377588292096,-1.0,1.0,8.78782886822835,-1,-2.0
2024-09-20 00:00:00-04:00,479.732421875,8.630028625300314,454.28377588292096,-1.0,1.0,8.782738537811317,-1,0.0
2024-09-23 00:00:00-04:00,481.0040283203125,8.01995602122978,454.55804192938626,-1.0,1.0,8.758901584168143,-1,0.0
2024-09-24 00:00:00-04:00,483.32421875,7.831361378694899,455.53224434805446,-1.0,1.0,8.560304936712162,-1,0.0
2024-09-25 00:00:00-04:00,483.7723083496094,7.3698649113397865,458.4272582383294,-1.0,1.0,8.566183185156884,-1,0.0
2024-09-26 00:00:00-04:00,487.40692138671875,7.419551059782325,461.98465233628457,-1.0,1.0,8.567029218532165,-1,0.0
2024-09-27 00:00:00-04:00,484.6983947753906,7.183456483619978,461.98465233628457,-1.0,1.0,8.56842191560943,-1,0.0
2024-09-30 00:00:00-04:00,486.0128479003906,7.0117958904167725,467.16610192780917,-1.0,2.0,5.4839613296284675,-1,0.0
2024-10-01 00:00:00-04:00,479.2414855957031,7.373120880493643,467.16610192780917,-1.0,1.0,8.459898947636821,-1,0.0
2024-10-02 00:00:00-04:00,479.9186706542969,7.249212816485511,467.16610192780917,-1.0,1.0,8.430370017608741,-1,0.0
2024-10-03 00:00:00-04:00,479.5601501464844,7.077947815965889,467.16610192780917,-1.0,1.0,8.398169488998198,-1,0.0
2024-10-04 00:00:00-04:00,485.2659912109375,6.9965008620373075,467.16610192780917,-1.0,1.0,8.331966222926225,-1,0.0
2024-10-07 00:00:00-04:00,480.0679931640625,6.939133239367903,467.16610192780917,-1.0,1.0,8.301014378847151,-1,0.0
2024-10-08 00:00:00-04:00,487.23760986328125,7.030890996499113,467.16610192780917,-1.0,1.0,8.27340300097002,-1,0.0
2024-10-09 00:00:00-04:00,491.0714111328125,6.903365557403772,467.16610192780917,-1.0,1.0,8.244253268128185,-1,0.0
2024-10-10 00:00:00-04:00,490.5137939453125,6.704947099401446,473.08339582184556,-1.0,2.0,5.614296180985186,-1,0.0
2024-10-11 00:00:00-04:00,491.280517578125,6.4546738191360244,473.1747244425551,-1.0,2.0,5.676791267875552,-1,0.0
2024-10-14 00:00:00-04:00,495.403076171875,6.35390037482208,477.56089376686793,-1.0,2.0,5.796366123767296,-1,0.0
2024-10-15 00:00:00-04:00,488.7810974121094,6.696371984857981,477.56089376686793,-1.0,2.0,5.890648718054946,-1,0.0
2024-10-16 00:00:00-04:00,488.8408508300781,6.4369977477046945,477.56089376686793,-1.0,2.0,5.969900309383511,-1,0.0
2024-10-17 00:00:00-04:00,489.1794128417969,6.348944575357665,477.56089376686793,-1.0,2.0,5.99264849523332,-1,0.0
2024-10-18 00:00:00-04:00,492.3858337402344,6.144229170689044,477.56089376686793,-1.0,2.0,6.015437740791551,-1,0.0
2024-10-21 00:00:00-04:00,493.33184814453125,6.019733840599659,477.56089376686793,-1.0,2.0,6.0617097301317795,-1,0.0
2024-10-22 00:00:00-04:00,493.86956787109375,5.963451783335326,477.56089376686793,-1.0,2.0,6.079487866239122,-1,0.0
2024-10-23 00:00:00-04:00,486.30157470703125,6.4535105313889005,477.56089376686793,-1.0,2.0,6.098187758080278,-1,0.0
2024-10-24 00:00:00-04:00,490.2449035644531,6.270205018120302,477.56089376686793,-1.0,2.0,6.109652811276068,-1,0.0
2024-10-25 00:00:00-04:00,493.2322692871094,6.435829633526233,477.56089376686793,-1.0,2.0,6.126236477389788,-1,0.0
2024-10-28 00:00:00-04:00,493.3119201660156,6.132803464103781,477.56089376686793,-1.0,2.0,6.130861739825213,-1,0.0
2024-10-29 00:00:00-04:00,498.0518493652344,6.266361897861593,477.56089376686793,-1.0,2.0,6.144194616879105,-1,0.0
2024-10-30 00:00:00-04:00,494.28778076171875,6.083844982998135,477.56089376686793,-1.0,2.0,6.157210707142826,-1,0.0
2024-10-31 00:00:00-04:00,481.8106384277344,6.7331331771178835,477.56089376686793,-1.0,2.0,6.184894902109952,-1,0.0
2024-11-01 00:00:00-04:00,485.3755187988281,6.746909275507849,477.56089376686793,-1.0,2.0,6.211247839610816,-1,0.0
2024-11-04 00:00:00-05:00,483.9615173339844,6.583056581147766,477.56089376686793,-1.0,2.0,6.22905363773296,-1,0.0
2024-11-05 00:00:00-05:00,490.1353759765625,6.6088557261610035,477.56089376686793,-1.0,2.0,6.2497780146982,-1,0.0
2024-11-06 00:00:00-05:00,503.4490051269531,7.361984931636002,482.0209090360155,-1.0,2.0,6.287989251585969,-1,0.0
2024-11-07 00:00:00-05:00,511.3753967285156,7.49709650183056,490.2122822338178,-1.0,2.0,6.322479059831898,-1,0.0
2024-11-08 00:00:00-05:00,511.97296142578125,6.997329882009264,492.43911458013747,-1.0,2.0,6.353604153512953,-1,0.0
2024-11-11 00:00:00-05:00,511.67425537109375,6.761633126724671,492.43911458013747,-1.0,2.0,6.377102942522855,-1,0.0
2024-11-12 00:00:00-05:00,510.7481384277344,6.566432708045393,492.43911458013747,-1.0,2.0,6.39997946019728,-1,0.0
2024-11-13 00:00:00-05:00,510.0909118652344,6.410666176581659,492.43911458013747,-1.0,2.0,6.4186630994736875,-1,0.0
2024-11-14 00:00:00-05:00,506.5459289550781,6.269482589073594,492.43911458013747,-1.0,2.0,6.434247853740866,-1,0.0
2024-11-15 00:00:00-05:00,494.47698974609375,7.056553243318753,492.43911458013747,-1.0,2.0,6.468570273917649,-1,0.0
2024-11-18 00:00:00-05:00,497.9124450683594,6.905552440975223,492.43911458013747,-1.0,2.0,6.502617333807563,-1,0.0
2024-11-19 00:00:00-05:00,501.33795166015625,6.899104104684195,492.43911458013747,-1.0,2.0,6.529956294584214,-1,0.0
2024-11-20 00:00:00-05:00,501.0491943359375,6.89827830979932,492.43911458013747,-1.0,2.0,6.555803912558198,-1,0.0
2024-11-21 00:00:00-05:00,502.8515625,7.1444878497056585,492.43911458013747,-1.0,2.0,6.583778023976644,-1,0.0
2024-11-22 00:00:00-05:00,503.65814208984375,6.803458468228342,492.43911458013747,-1.0,2.0,6.606833228590325,-1,0.0
2024-11-25 00:00:00-05:00,504.45477294921875,6.8390823553725255,492.43911458013747,-1.0,2.0,6.630495264073943,-1,0.0
2024-11-26 00:00:00-05:00,507.1632995605469,6.508678644861324,492.43911458013747,-1.0,2.0,6.653842025622642,-1,0.0
2024-11-27 00:00:00-05:00,503.1701965332031,6.592700174024944,492.43911458013747,-1.0,2.0,6.681300515098016,-1,0.0
2024-11-29 00:00:00-05:00,507.5914611816406,6.4353043321885535,492.43911458013747,-1.0,2.0,6.704764992960954,-1,0.0
2024-12-02 00:00:00-05:00,513.1181030273438,6.4410324025928825,492.43911458013747,-1.0,2.0,6.715192006793029,-1,0.0
2024-12-03 00:00:00-05:00,514.69140625,6.173338822955065,492.93527832026194,-1.0,2.0,6.717642869953099,-1,0.0
2024-12-04 00:00:00-05:00,521.0545654296875,6.218212245874943,499.2035605723849,-1.0,2.0,6.719385962621511,-1,0.0
2024-12-05 00:00:00-05:00,519.610595703125,5.857286218763651,500.3780404492853,-1.0,2.0,6.7162201613778025,-1,0.0
2024-12-06 00:00:00-05:00,524.2608642578125,5.760482319768747,502.2357381715287,-1.0,2.0,6.696105659788095,-1,0.0
2024-12-09 00:00:00-05:00,520.17822265625,5.708212722501127,502.2357381715287,-1.0,2.0,6.670593258355993,-1,0.0
2024-12-10 00:00:00-05:00,518.4056396484375,5.756772872289705,502.2357381715287,-1.0,2.0,6.644930863701711,-1,0.0
2024-12-11 00:00:00-05:00,527.6864013671875,6.1778811691078666,505.500502622661,-1.0,2.0,6.625233501199586,-1,0.0
2024-12-12 00:00:00-05:00,524.2808837890625,5.948440552527667,505.500502622661,-1.0,2.0,6.606822970762339,-1,0.0
2024-12-13 00:00:00-05:00,528.2938842773438,6.0177791864166625,508.2106173126938,-1.0,2.0,6.596488869282591,-1,0.0
2024-12-16 00:00:00-05:00,535.901611328125,6.2743650384625,514.0426658381358,-1.0,2.0,6.59093501013052,-1,0.0
2024-12-17 00:00:00-05:00,533.5416259765625,6.049221473941492,514.0426658381358,-1.0,2.0,6.581753424771384,-1,0.0
2024-12-18 00:00:00-05:00,514.2930908203125,7.622080809124338,514.0426658381358,-1.0,2.0,6.5990922145106,-1,0.0
2024-12-19 00:00:00-05:00,512.0028076171875,7.649529582819308,535.4614964897123,1.0,2.0,6.6163124992369715,1,2.0
2024-12-20 00:00:00-05:00,516.473876953125,8.43103077444836,535.4614964897123,1.0,1.0,8.92464524261994,1,0.0
2024-12-23 00:00:00-05:00,521.5057373046875,8.298069479448397,535.4614964897123,1.0,1.0,8.902267536792385,1,0.0
2024-12-24 00:00:00-05:00,528.5772094726562,8.184382855757041,535.4614964897123,1.0,1.0,8.877512892618752,1,0.0
2024-12-26 00:00:00-05:00,528.2181396484375,7.857657500643696,535.4614964897123,1.0,1.0,8.84351771288625,1,0.0
2024-12-27 00:00:00-05:00,521.196533203125,8.242827287900255,535.4614964897123,1.0,1.0,8.824140602402831,1,0.0
2024-12-30 00:00:00-05:00,514.2646484375,8.488746630939673,535.4614964897123,1.0,1.0,8.77064246077595,1,0.0
2024-12-31 00:00:00-05:00,509.8961181640625,8.37793751962753,535.4614964897123,1.0,1.0,8.758370431365062,1,0.0
